ID,Education,Income,Kidhome,Teenhome,MntWines,MntFruits,NumWebPurchases,NumStorePurchases,Response
5524,Graduation,58138.0,0,0,635,88,8,4,1
2174,Graduation,46344.0,1,1,11,1,1,2,0
4141,Graduation,71613.0,0,0,426,49,8,10,0
6182,Graduation,26646.0,1,0,11,4,2,4,0
5324,PhD,58293.0,1,0,173,43,5,6,0
7446,Master,62513.0,0,1,520,42,6,10,0
965,Graduation,55635.0,0,1,235,65,7,7,0
6177,PhD,33454.0,1,0,76,10,4,4,0
4855,PhD,30351.0,1,0,14,0,3,2,1
5899,PhD,5648.0,1,1,28,0,1,0,0
1994,Graduation,,1,0,5,5,1,2,0
387,Basic,7500.0,0,0,6,16,2,3,0
2125,Graduation,63033.0,0,0,194,61,3,8,0
8180,Master,59354.0,1,1,233,2,6,5,0
2569,Graduation,17323.0,0,0,3,14,1,3,0
2114,PhD,82800.0,0,0,1006,22,7,12,1
9736,Graduation,41850.0,1,1,53,5,3,3,0
4939,Graduation,37760.0,0,0,84,5,4,6,0
6565,Master,76995.0,0,1,1012,80,11,9,0
2278,2n Cycle,33812.0,1,0,4,17,2,3,0
9360,Graduation,37040.0,0,0,86,2,4,5,0
5376,Graduation,2447.0,1,0,1,1,0,0,0
1993,PhD,58607.0,0,1,867,0,2,9,0
4047,PhD,65324.0,0,1,384,0,6,9,0
1409,Graduation,40689.0,0,1,270,3,7,5,0
7892,Graduation,18589.0,0,0,6,4,2,3,0
2404,Graduation,53359.0,1,1,173,4,5,4,0
5255,Graduation,,1,0,5,1,27,0,0
9422,Graduation,38360.0,1,0,36,2,2,4,0
1966,PhD,84618.0,0,0,684,100,6,10,0
6864,Master,10979.0,0,0,8,4,3,3,0
3033,Master,38620.0,0,0,112,17,2,3,0
5710,Graduation,40548.0,0,1,110,0,2,4,0
7373,PhD,46610.0,0,2,96,12,4,6,1
8755,Master,68657.0,0,0,482,34,3,9,0
10738,Master,49389.0,1,1,40,0,2,3,0
4339,PhD,67353.0,0,1,702,17,5,12,0
10755,2n Cycle,23718.0,1,0,6,3,3,2,0
8595,Graduation,42429.0,0,1,55,0,1,3,0
2968,PhD,48948.0,0,0,437,8,7,5,1
8601,Graduation,80011.0,0,1,421,76,8,5,0
503,Master,20559.0,1,0,13,1,2,3,0
8430,Graduation,21994.0,0,1,9,0,0,3,0
7281,PhD,,0,0,81,11,1,4,0
2139,Master,7500.0,1,0,3,1,2,3,0
1371,Graduation,79941.0,0,0,123,164,2,9,0
9909,2n Cycle,7500.0,0,0,3,18,3,3,1
7286,Graduation,41728.0,1,0,13,6,2,2,0
7244,Graduation,,2,1,48,5,2,4,0
6566,PhD,72550.0,1,1,826,50,5,12,0
8614,Graduation,65486.0,0,1,245,19,4,10,0
4114,Master,79143.0,0,0,650,37,6,13,0
1331,Graduation,35790.0,1,0,12,6,2,3,0
2225,Graduation,82582.0,0,0,510,120,4,7,1
9381,Graduation,66373.0,1,1,328,9,4,10,0
6260,Master,82384.0,0,0,984,51,3,13,1
10383,Graduation,70287.0,0,0,295,35,5,10,1
7437,Graduation,27938.0,1,0,13,0,1,4,0
8557,Graduation,,1,0,11,3,2,3,0
8375,PhD,55954.0,0,1,447,0,8,6,0
6853,Master,75777.0,0,0,712,26,3,11,1
3076,Graduation,66653.0,1,1,452,18,4,12,0
1012,Graduation,61823.0,0,1,523,7,8,10,0
6518,PhD,67680.0,0,1,546,0,7,8,0
4137,Graduation,70666.0,0,0,398,40,7,4,0
8082,Graduation,25721.0,1,0,1,3,1,2,1
1386,Graduation,32474.0,1,1,10,0,1,2,0
9369,2n Cycle,88194.0,0,1,688,14,11,10,1
4477,Graduation,69096.0,0,1,247,49,5,10,0
1357,Graduation,74854.0,1,2,856,59,2,5,0
1402,Master,66991.0,0,0,496,36,4,6,0
10629,2n Cycle,,1,0,25,3,3,3,0
6312,Graduation,65031.0,0,1,258,107,10,13,0
8132,PhD,60631.0,1,1,565,6,9,8,0
1050,Graduation,28332.0,0,0,14,10,2,4,0
5846,Graduation,40246.0,1,0,2,1,1,2,0
1859,Master,75251.0,0,0,721,111,7,5,1
7503,Graduation,75825.0,0,0,1032,105,5,9,1
10401,2n Cycle,26326.0,0,0,1,0,0,3,0
1618,Graduation,56046.0,0,0,577,0,10,8,1
3332,Graduation,29760.0,1,0,64,4,3,4,0
2261,Graduation,26304.0,1,0,4,1,1,2,0
5346,2n Cycle,23559.0,1,0,25,5,3,3,0
4119,Master,38620.0,0,0,112,17,2,3,0
535,Graduation,81361.0,0,0,163,23,3,13,0
5268,Graduation,29440.0,1,1,17,8,1,4,0
273,Master,36138.0,1,1,130,0,3,4,0
4452,Graduation,50388.0,0,1,292,6,6,6,1
8504,Graduation,79593.0,0,0,350,60,5,7,0
771,Graduation,54178.0,0,1,135,9,2,5,0
8996,PhD,,2,1,230,42,7,8,0
9235,Graduation,,1,1,7,0,1,2,0
5798,Master,,0,0,445,37,2,8,0
11178,Master,42394.0,1,0,15,2,1,3,0
2230,PhD,23626.0,1,0,27,2,3,3,0
7516,Graduation,30096.0,1,0,5,3,2,3,0
7247,Graduation,47916.0,0,1,505,0,7,6,0
11100,Graduation,51813.0,1,1,51,2,2,3,0
4646,2n Cycle,78497.0,0,0,207,26,5,12,0
3037,PhD,50150.0,0,0,135,46,5,7,0
1473,2n Cycle,47823.0,0,1,53,1,2,3,0
1016,PhD,34554.0,0,1,41,1,2,3,0
4518,Graduation,85693.0,0,1,386,172,9,11,0
9370,PhD,65846.0,0,0,562,81,6,6,0
8908,Graduation,87195.0,0,0,217,76,3,5,1
8373,Basic,24594.0,1,0,1,3,1,3,0
7533,Graduation,49096.0,1,1,144,1,4,4,0
2683,Graduation,52413.0,0,2,295,106,6,12,0
3629,Graduation,38557.0,1,0,76,3,3,3,0
10991,Master,89058.0,0,0,454,194,5,4,0
5077,Graduation,77298.0,0,1,425,115,6,11,0
7431,PhD,68126.0,0,0,1332,17,7,5,1
3267,Master,57288.0,0,1,527,0,8,8,0
999,Graduation,86037.0,0,0,490,44,6,11,1
9215,PhD,43974.0,1,0,378,0,6,6,0
2286,Graduation,50785.0,1,1,64,1,2,3,0
1592,Graduation,90765.0,0,0,547,99,4,5,0
367,2n Cycle,36550.0,1,0,47,90,9,5,0
5234,2n Cycle,30753.0,1,1,12,5,1,3,0
9862,Graduation,21918.0,1,0,1,6,2,3,0
9805,Master,56129.0,0,1,320,48,6,10,0
6205,Master,32557.0,1,0,34,3,2,3,1
8442,Master,19510.0,2,0,9,0,1,3,0
7386,Graduation,30992.0,1,0,17,0,1,3,0
7215,Graduation,101970.0,0,0,722,27,6,13,1
1491,2n Cycle,71488.0,0,0,162,33,3,7,0
11071,Graduation,79607.0,0,0,450,133,3,6,1
3381,Master,54348.0,1,1,70,0,2,4,0
8268,PhD,,0,1,352,0,6,7,0
11051,PhD,77376.0,1,1,492,19,6,10,0
8026,Graduation,62998.0,0,1,120,58,5,5,0
433,Master,61331.0,1,1,534,5,11,6,0
9597,Graduation,73448.0,0,0,236,106,7,9,0
1295,Graduation,,0,1,231,65,6,7,0
5290,PhD,41551.0,1,1,220,0,5,5,0
1685,PhD,62981.0,0,0,796,14,4,13,0
5342,Basic,9548.0,1,0,0,1,1,3,0
9579,PhD,33762.0,2,1,53,1,2,2,0
7660,PhD,35860.0,1,1,15,0,1,2,1
1461,PhD,36921.0,1,1,17,1,2,3,0
821,Master,92859.0,0,0,962,61,5,12,0
11084,Master,65104.0,0,1,738,0,3,7,1
8690,Graduation,86111.0,0,0,399,28,5,10,0
2937,PhD,68352.0,0,1,614,16,8,9,0
9701,Graduation,41883.0,1,0,32,34,4,3,0
9949,Graduation,59809.0,0,2,598,16,3,6,0
10837,Graduation,23957.0,1,0,2,1,2,3,1
3120,Graduation,38547.0,1,0,6,1,1,2,0
5885,2n Cycle,35688.0,2,1,73,3,4,4,0
4050,Master,49605.0,0,0,42,16,2,4,0
3830,Master,59354.0,0,2,295,21,4,7,0
7987,Graduation,65747.0,0,1,346,17,8,6,0
7798,2n Cycle,46344.0,0,1,233,20,7,5,0
92,Graduation,34176.0,1,0,5,7,3,4,0
7055,PhD,61010.0,0,1,888,0,8,11,0
10240,Graduation,69372.0,0,0,997,26,10,6,1
3025,Graduation,49967.0,0,1,212,6,6,5,0
9283,Graduation,60199.0,1,2,8,1,0,3,0
9970,Graduation,55375.0,0,1,42,11,1,6,0
2730,Graduation,80317.0,0,0,536,11,3,10,0
2795,Master,30523.0,2,1,5,0,1,2,0
9260,PhD,70356.0,0,0,1349,16,10,9,0
8182,Graduation,23228.0,1,0,53,3,3,4,0
10095,PhD,74165.0,0,0,1001,12,5,10,0
8475,PhD,157243.0,0,1,20,2,0,0,0
4370,Graduation,43482.0,2,1,18,1,2,4,0
10573,Graduation,62551.0,0,0,125,16,6,4,0
3712,Graduation,52332.0,0,0,212,5,3,6,0
6637,Graduation,66951.0,0,0,277,162,3,7,0
3152,Graduation,26091.0,1,1,15,10,2,3,0
5610,Graduation,33456.0,1,1,7,3,1,3,0
6460,Graduation,28718.0,1,0,12,4,2,3,0
1349,Graduation,50447.0,2,0,85,7,3,3,0
1880,PhD,53537.0,1,1,81,0,2,3,0
641,Graduation,52074.0,0,1,59,0,2,2,0
8717,PhD,80427.0,0,1,1149,71,11,8,0
10314,PhD,83837.0,0,0,847,66,9,5,1
10854,PhD,38853.0,1,1,29,0,2,3,0
10492,Graduation,38285.0,2,1,2,0,0,3,0
6935,2n Cycle,78497.0,0,0,207,26,5,12,0
7698,PhD,51650.0,0,1,152,3,4,4,0
3559,2n Cycle,16248.0,1,0,12,11,2,3,0
10562,Master,66835.0,0,0,620,26,6,13,0
10796,Master,30477.0,1,0,47,1,1,3,0
2563,Basic,28249.0,0,0,1,9,2,3,0
3518,Graduation,25271.0,1,0,10,1,1,2,0
5823,PhD,32303.0,0,1,35,0,1,4,0
3934,Graduation,61286.0,0,1,356,0,7,8,0
6982,Graduation,74068.0,0,0,783,30,4,9,0
6431,PhD,45759.0,1,1,42,1,2,3,0
9733,Basic,24882.0,1,0,1,4,1,2,0
5602,PhD,66973.0,0,0,466,22,8,12,0
7829,2n Cycle,36640.0,1,0,15,6,2,2,0
1324,Graduation,38872.0,1,0,23,3,3,3,0
326,Graduation,51148.0,1,1,235,6,5,6,0
7224,Graduation,31353.0,1,1,10,0,1,2,0
6999,Master,69661.0,0,0,656,16,7,12,0
9938,Graduation,80067.0,0,0,519,17,4,6,0
6422,Graduation,86718.0,0,0,344,189,5,5,0
3182,PhD,46854.0,1,1,96,1,5,3,1
7300,Graduation,69142.0,0,1,448,4,8,7,0
10424,Graduation,75922.0,0,0,265,138,4,9,0
8727,Graduation,63693.0,0,1,587,43,11,9,0
2798,PhD,102160.0,0,0,763,29,7,10,1
1030,PhD,40637.0,1,1,22,0,1,3,0
624,Master,18890.0,0,0,6,4,0,2,1
5176,Graduation,29604.0,1,0,7,6,1,3,0
5552,Master,48721.0,1,1,81,18,4,5,0
868,Graduation,44794.0,0,1,54,0,2,3,0
380,Graduation,64497.0,0,1,1170,48,11,9,1
2677,Graduation,46097.0,0,1,72,24,3,6,0
6521,Graduation,77972.0,0,0,613,22,4,9,0
6927,PhD,44377.0,1,1,224,0,5,5,0
2877,Master,46014.0,1,1,410,0,7,8,0
0,Graduation,70951.0,0,0,239,10,3,9,0
1584,Graduation,41443.0,1,0,171,7,8,5,0
7264,2n Cycle,52195.0,2,1,12,0,1,2,0
6274,Master,83790.0,0,0,1076,16,8,6,0
1377,Master,44551.0,0,1,182,4,4,5,0
454,Graduation,69508.0,1,0,824,32,11,11,0
1755,2n Cycle,45204.0,1,0,30,11,1,4,0
2075,Graduation,72460.0,0,0,377,10,3,7,0
4785,PhD,77622.0,0,2,520,7,6,11,0
9076,PhD,30732.0,1,0,155,1,4,4,0
7079,Graduation,63887.0,0,1,897,23,9,12,0
4653,Graduation,42011.0,1,0,131,0,3,4,0
7375,Graduation,51369.0,0,1,297,7,8,4,0
709,Graduation,51537.0,0,1,787,20,2,11,0
460,PhD,79930.0,0,0,792,86,3,8,0
3726,PhD,34320.0,1,0,4,1,1,2,0
6798,Graduation,37070.0,1,1,231,7,5,8,1
5341,2n Cycle,81975.0,0,1,983,76,6,4,0
1606,Graduation,38590.0,1,0,3,1,1,2,0
9617,Graduation,15033.0,0,0,0,4,1,3,0
3233,PhD,62745.0,0,1,562,21,7,11,0
89,2n Cycle,22212.0,1,0,5,9,2,4,0
2936,Master,23661.0,1,0,18,0,1,3,0
9449,PhD,79761.0,0,1,415,5,5,11,0
7297,Graduation,7500.0,1,0,5,3,3,3,0
11004,2n Cycle,60182.0,0,1,8,0,1,2,0
313,Graduation,73455.0,0,0,901,61,6,10,0
9940,Graduation,64961.0,0,1,382,114,6,4,0
10735,Graduation,22804.0,1,0,14,1,2,2,0
9529,Graduation,73687.0,0,0,559,153,3,9,1
6439,Graduation,61074.0,0,1,789,0,11,8,0
7411,PhD,31686.0,1,1,11,0,1,3,0
2176,Graduation,80134.0,1,0,1218,16,5,6,1
9265,Graduation,75027.0,0,1,925,64,9,6,0
8867,PhD,67546.0,0,0,864,134,4,5,0
8932,Master,65176.0,0,1,960,28,9,6,0
10236,Master,31160.0,1,0,16,3,2,3,0
6340,Graduation,29938.0,1,0,3,3,1,3,0
10089,Graduation,102692.0,0,0,168,148,6,13,1
2227,2n Cycle,26490.0,0,0,45,47,3,5,0
10992,Graduation,75702.0,1,1,650,28,4,11,0
5304,PhD,30899.0,1,0,24,0,1,3,0
309,PhD,63342.0,0,1,918,21,8,5,0
3406,Graduation,45989.0,0,1,138,33,3,7,0
2661,Graduation,18701.0,1,1,12,4,2,4,0
3153,PhD,40737.0,2,1,11,0,1,2,0
10264,Graduation,15287.0,1,0,1,2,1,2,1
1184,PhD,69674.0,0,2,554,41,10,10,0
4200,Master,44159.0,1,0,167,2,4,6,0
9396,PhD,37717.0,1,0,9,0,1,2,0
2387,Master,43776.0,1,1,177,2,5,4,1
6690,Master,38179.0,1,1,38,4,3,3,0
1225,Graduation,80124.0,0,0,483,84,3,8,0
9703,PhD,38097.0,1,1,77,2,3,2,1
291,Graduation,72940.0,0,0,182,74,3,6,0
4557,Graduation,22070.0,1,0,10,7,2,2,0
2379,Graduation,69267.0,0,0,778,44,3,5,1
5726,Master,31788.0,1,0,16,7,3,4,0
3066,PhD,61905.0,0,1,167,0,4,4,0
6336,Graduation,29315.0,1,1,13,2,2,4,0
10967,Graduation,33378.0,1,1,33,6,2,4,0
2304,PhD,66313.0,0,1,625,7,6,12,0
3445,Graduation,60714.0,0,0,216,162,7,10,1
7828,Master,77882.0,0,0,68,129,3,5,0
3762,PhD,69867.0,0,0,196,0,3,8,1
4391,Master,63841.0,0,1,635,15,9,9,0
4669,Basic,24480.0,1,0,4,19,3,4,0
10144,Graduation,51369.0,0,1,297,7,8,4,0
8652,Graduation,37760.0,0,0,84,5,4,6,0
1672,PhD,65640.0,0,1,204,7,5,8,0
8962,Master,44319.0,1,1,26,0,2,3,0
9974,Graduation,30631.0,1,0,15,6,3,2,0
10983,Graduation,75278.0,0,0,304,98,6,13,0
8148,Master,50898.0,1,1,285,28,6,12,0
10102,Graduation,79946.0,0,0,395,183,5,5,0
4697,Master,35416.0,0,0,248,3,7,5,0
9262,2n Cycle,32414.0,0,0,20,6,1,3,0
7254,Graduation,38361.0,1,0,39,0,3,3,0
4543,Graduation,82497.0,0,0,777,129,2,9,0
4927,Graduation,16626.0,2,0,8,3,3,3,0
10451,Graduation,29672.0,1,1,9,1,0,3,0
2926,Master,55951.0,0,1,1241,0,3,11,0
2874,2n Cycle,35388.0,1,0,6,4,1,3,0
9738,Master,42386.0,1,0,65,4,3,3,0
7119,Graduation,68627.0,0,0,395,15,2,6,0
3924,PhD,57912.0,0,1,801,0,8,12,0
5827,Graduation,35246.0,1,1,36,0,3,3,0
5596,2n Cycle,58821.0,0,1,513,14,9,9,0
10812,PhD,46377.0,1,0,37,0,2,3,0
1717,Graduation,39747.0,1,0,80,15,5,4,0
9491,Graduation,23976.0,1,0,14,1,3,3,0
9274,Master,80950.0,0,0,525,147,6,9,0
6609,Graduation,27038.0,0,0,1,26,3,3,1
6963,Graduation,77457.0,0,0,675,11,2,10,0
4440,Master,64100.0,0,1,509,0,8,6,0
1379,Master,42670.0,0,0,154,2,4,4,0
10032,Graduation,12571.0,1,0,3,5,3,3,0
2826,Graduation,22574.0,2,1,25,0,2,3,0
2437,Graduation,,0,0,861,138,6,12,0
6320,Master,70893.0,0,0,768,44,6,10,0
3050,Graduation,54198.0,1,1,185,0,3,6,0
231,Master,28839.0,1,1,24,0,2,3,0
2392,Graduation,40321.0,1,1,44,4,3,3,0
9478,Graduation,66503.0,1,0,91,64,4,6,0
113,Graduation,30833.0,1,1,11,0,1,3,0
2863,Graduation,,1,2,738,20,2,10,0
1802,Graduation,64795.0,0,1,412,5,3,12,0
520,Graduation,34421.0,1,0,3,3,1,2,0
8275,PhD,47025.0,1,1,16,0,1,2,0
9750,PhD,64325.0,0,1,731,60,10,5,0
2607,Graduation,40464.0,0,1,424,17,8,8,0
7214,Graduation,62187.0,0,0,792,0,4,5,0
5835,PhD,14849.0,1,0,21,2,2,4,0
3896,Graduation,27255.0,1,0,22,1,1,3,0
10350,PhD,54432.0,2,1,33,0,1,3,0
7786,PhD,29999.0,1,0,68,7,3,4,0
2861,Graduation,24072.0,1,0,9,1,1,2,0
663,PhD,33996.0,0,0,40,2,1,3,0
10675,PhD,66334.0,0,1,909,11,9,5,1
2521,Master,35178.0,1,0,23,1,1,2,1
9592,Graduation,22010.0,1,0,11,2,2,3,0
10151,Graduation,62204.0,0,2,317,46,4,12,0
7381,Graduation,75693.0,0,0,797,153,11,6,1
4099,Graduation,30675.0,1,0,10,2,1,3,0
9560,Graduation,83003.0,0,0,856,61,7,8,1
1150,PhD,83532.0,0,0,755,144,4,4,0
10172,Graduation,68655.0,0,0,456,19,4,11,0
11191,Graduation,41411.0,0,0,37,32,2,4,0
9707,PhD,55212.0,0,1,1103,0,4,11,0
6245,PhD,59292.0,0,1,378,14,3,8,0
8234,Basic,27190.0,1,0,1,6,1,2,1
1411,Graduation,82623.0,0,0,204,34,2,4,0
8553,Graduation,44300.0,1,1,30,0,1,3,0
1826,Graduation,84835.0,0,0,189,104,4,6,1
8842,Graduation,30372.0,1,1,15,0,2,3,0
11030,Master,33181.0,1,0,9,0,1,2,0
2579,Graduation,71113.0,0,1,495,33,6,9,0
175,Graduation,71952.0,1,0,656,80,8,8,0
9185,PhD,69759.0,0,0,452,20,4,5,1
11056,Graduation,72099.0,0,0,546,91,3,10,0
9365,PhD,60000.0,0,1,1048,0,11,5,0
6201,Graduation,38643.0,1,1,22,2,2,3,0
2061,Graduation,50737.0,0,1,78,0,2,4,0
6184,PhD,68462.0,0,0,561,64,3,8,0
6142,Master,65073.0,0,0,629,17,5,5,0
4107,PhD,46681.0,0,2,269,15,4,4,0
7274,Graduation,78618.0,0,0,736,163,4,10,0
9336,PhD,62187.0,0,1,512,0,6,10,0
2958,Graduation,28442.0,2,0,19,3,2,4,0
933,PhD,37717.0,1,0,9,0,1,2,0
5837,Graduation,51479.0,1,1,247,8,6,6,0
10704,Graduation,54803.0,0,1,404,0,6,9,0
5125,Graduation,79530.0,0,0,333,0,4,11,0
4432,Graduation,31615.0,1,0,2,3,2,3,0
5955,Graduation,72025.0,0,0,833,33,4,8,0
2928,PhD,52614.0,0,1,789,0,2,8,0
5680,2n Cycle,35684.0,1,0,10,4,1,3,0
10313,Graduation,48178.0,1,1,159,4,5,4,0
2557,Master,29548.0,1,0,7,1,1,2,0
1245,Graduation,63810.0,0,1,977,12,4,12,0
1519,PhD,38578.0,1,1,38,4,3,3,1
10703,Master,46098.0,1,1,57,0,3,2,0
1726,Graduation,22585.0,0,0,3,9,1,2,1
4459,Graduation,30279.0,1,0,10,4,1,3,0
1729,PhD,66426.0,0,1,1043,24,3,10,0
1517,Graduation,30822.0,1,0,3,9,1,3,0
2098,PhD,33581.0,2,0,11,0,1,2,0
9543,Graduation,19986.0,1,0,3,6,0,3,0
6878,Graduation,27421.0,0,0,43,12,4,6,0
3310,2n Cycle,35688.0,2,1,73,3,4,4,0
2724,Master,36143.0,1,0,12,0,0,2,0
948,Graduation,10245.0,1,0,4,7,1,2,0
6720,Master,43795.0,0,1,314,11,7,4,1
6202,Graduation,63381.0,0,1,571,50,4,13,0
2066,Graduation,38823.0,0,1,70,0,2,3,0
9799,PhD,83664.0,1,1,866,21,2,12,0
8318,Graduation,90300.0,0,0,594,134,5,8,0
5642,Master,62499.0,1,0,140,4,3,6,0
2669,Graduation,74293.0,0,0,375,152,5,6,0
455,PhD,51012.0,0,0,102,9,4,4,0
7683,Master,70777.0,0,1,554,35,5,12,0
3428,PhD,68682.0,0,0,919,0,4,10,0
7414,Graduation,43824.0,1,1,96,1,3,4,0
6354,Graduation,15345.0,1,0,5,2,1,2,1
798,Graduation,23442.0,1,0,2,0,1,3,0
8213,2n Cycle,14515.0,1,0,6,4,2,3,1
2488,2n Cycle,31395.0,1,1,23,1,2,3,0
9999,Graduation,75276.0,0,0,610,105,9,9,0
7617,Graduation,42373.0,1,1,67,5,2,5,0
615,Graduation,30507.0,0,0,65,36,5,4,0
2552,PhD,55521.0,1,2,416,0,6,6,1
194,Graduation,48006.0,1,1,23,0,1,3,0
3645,PhD,27213.0,1,0,19,3,2,4,1
8890,PhD,65808.0,1,1,155,7,5,5,0
5049,PhD,30351.0,1,0,14,0,3,2,0
9973,Graduation,50437.0,0,2,370,9,7,8,0
7301,2n Cycle,23616.0,1,0,4,22,3,3,1
10882,Graduation,53858.0,0,1,407,53,4,6,0
7030,PhD,66465.0,0,1,1200,0,11,12,0
7422,Graduation,46923.0,1,0,85,44,5,7,0
3523,Graduation,75072.0,0,1,583,34,5,8,0
7106,PhD,75865.0,0,0,483,0,3,10,0
6504,2n Cycle,19789.0,1,0,2,5,2,3,0
5067,Graduation,80134.0,0,0,966,26,2,11,0
4216,Graduation,91065.0,0,0,822,114,7,9,1
8581,Master,49505.0,1,1,604,0,10,8,0
5929,PhD,37401.0,1,0,19,3,2,3,0
3129,Graduation,30096.0,1,0,5,3,2,3,0
6528,Master,18492.0,1,0,2,2,1,2,0
1361,Master,82584.0,0,0,1076,68,3,8,1
6932,PhD,93027.0,0,0,1285,42,7,5,0
7284,Graduation,48686.0,1,2,10,0,1,2,0
1340,Graduation,92910.0,0,0,551,137,6,13,0
8746,Graduation,75433.0,1,0,800,0,2,10,0
5987,2n Cycle,10404.0,1,0,2,2,1,4,0
3767,Graduation,61314.0,0,1,378,0,5,12,0
3725,PhD,84865.0,0,0,1248,16,2,9,1
4324,Graduation,42387.0,1,0,235,0,8,7,0
238,2n Cycle,67309.0,1,1,515,47,9,9,0
6694,Graduation,75236.0,0,1,438,66,8,13,0
498,Graduation,30015.0,1,0,25,0,1,4,0
9347,Master,50943.0,0,1,31,0,1,3,0
9699,Graduation,67272.0,0,1,357,35,6,12,0
10664,Master,51529.0,0,1,400,4,9,5,0
5455,PhD,32011.0,1,0,99,0,2,4,0
456,2n Cycle,7500.0,1,0,1,11,2,3,0
5012,Graduation,28691.0,1,0,5,4,1,3,0
7495,PhD,56223.0,0,1,77,28,2,5,0
5029,Graduation,18100.0,0,0,3,1,0,3,0
10642,Graduation,30279.0,1,0,10,4,1,3,0
2106,2n Cycle,20130.0,0,0,0,6,1,3,0
10364,Graduation,23295.0,0,0,0,0,1,2,0
5954,Master,42618.0,1,0,76,14,5,4,0
1137,Graduation,81246.0,0,0,398,190,4,7,0
2541,Graduation,24027.0,1,0,14,7,2,3,0
1142,PhD,55707.0,0,1,208,7,3,9,0
2276,Graduation,57959.0,0,1,430,16,4,11,0
2807,Graduation,56796.0,0,1,656,38,8,7,0
6471,Master,36230.0,1,0,14,2,2,4,0
6131,2n Cycle,70829.0,1,1,141,70,4,8,0
6233,Graduation,65991.0,0,1,507,19,9,10,0
4148,Graduation,38988.0,1,2,164,24,5,6,0
4947,2n Cycle,89572.0,0,0,606,24,7,9,1
3225,Master,42207.0,1,0,116,11,4,5,1
7540,Graduation,50300.0,0,1,143,15,2,8,0
10648,2n Cycle,66664.0,0,0,398,96,5,6,0
1992,Graduation,60597.0,0,1,522,0,2,8,1
7851,Graduation,70165.0,0,0,161,0,3,11,0
8594,PhD,50520.0,0,1,112,0,3,3,0
7059,Graduation,80124.0,0,0,483,84,3,8,0
2815,Graduation,33183.0,1,0,7,5,4,3,0
2416,PhD,66582.0,0,0,789,25,2,9,0
7999,PhD,75261.0,0,0,1239,17,5,5,1
9213,Graduation,31880.0,1,0,4,1,1,2,0
9697,Graduation,53790.0,0,2,335,42,7,8,0
3916,PhD,49269.0,1,0,639,8,7,12,0
2021,Graduation,61456.0,0,1,563,76,6,13,0
1581,Graduation,37406.0,1,0,2,0,1,2,1
564,PhD,56937.0,1,0,746,8,8,9,1
6619,Graduation,38415.0,1,1,22,1,1,3,0
9081,Graduation,20518.0,1,0,4,1,1,2,0
178,Graduation,62503.0,0,1,478,0,8,11,0
916,PhD,41644.0,1,1,20,3,1,3,0
5512,Master,55842.0,0,1,451,0,7,8,0
8970,PhD,62010.0,0,1,371,22,6,7,0
10581,Graduation,41124.0,1,0,281,7,7,4,0
5300,Master,38961.0,1,0,19,7,2,2,0
5154,Master,37760.0,1,0,26,3,2,3,0
8346,Graduation,32233.0,1,0,138,15,6,2,1
1676,Graduation,43057.0,0,1,213,2,4,5,0
9286,Master,83151.0,0,0,407,28,5,4,0
2426,PhD,78825.0,0,0,483,74,5,13,1
5172,Master,65104.0,0,1,738,0,3,7,0
5562,Graduation,60093.0,0,1,502,12,7,10,0
3436,Graduation,14045.0,1,0,11,0,1,3,0
3921,2n Cycle,28457.0,0,0,24,1,4,4,0
3403,PhD,78952.0,0,1,1170,19,2,12,0
22,Graduation,46310.0,1,0,185,2,6,5,0
10965,Graduation,76005.0,0,0,983,20,3,13,0
9426,Master,58308.0,0,1,691,0,2,3,0
6605,PhD,55614.0,0,0,504,13,9,6,0
3136,Master,59432.0,0,1,317,25,5,11,0
8737,Graduation,55563.0,0,1,29,1,2,3,0
11088,PhD,78642.0,0,1,1396,0,4,4,0
716,PhD,67911.0,0,1,529,0,6,11,0
466,Graduation,65275.0,0,0,388,14,4,13,0
9135,Graduation,27203.0,1,1,13,2,1,2,0
10623,Master,48330.0,0,1,28,0,1,3,0
8151,Basic,24279.0,0,0,16,36,4,3,0
5140,PhD,64355.0,1,0,1047,0,4,12,0
10160,Master,50943.0,0,1,31,0,1,3,0
4945,Graduation,53653.0,0,0,815,10,10,12,0
10584,Graduation,65665.0,0,1,225,162,5,8,0
6071,Graduation,81217.0,0,0,493,70,3,11,0
3386,Graduation,34935.0,0,0,34,4,2,4,0
8939,Graduation,61250.0,0,1,382,138,5,12,0
9925,PhD,39665.0,1,0,127,1,4,3,0
4320,Graduation,60152.0,0,1,325,83,6,12,0
5389,Graduation,48920.0,0,2,238,17,6,5,0
6036,Master,89120.0,0,0,1168,92,5,7,0
182,PhD,44124.0,0,1,284,0,6,5,0
203,Master,81169.0,0,0,1288,20,5,9,0
11025,Graduation,36443.0,1,1,65,0,3,3,0
10203,Graduation,26095.0,1,0,11,7,1,3,0
4607,Graduation,71367.0,0,0,227,23,4,7,0
3711,Master,80184.0,0,0,1035,134,6,10,0
3696,Graduation,30630.0,1,1,27,1,2,3,0
2532,Master,73454.0,0,0,982,73,2,6,0
9214,Graduation,42691.0,0,0,179,2,5,6,0
4943,Graduation,70503.0,0,0,1379,33,2,9,0
35,Graduation,25545.0,1,0,32,1,2,3,1
2258,Graduation,32880.0,1,0,8,4,1,3,0
4322,PhD,77863.0,0,0,881,38,4,10,0
713,Master,50353.0,0,0,141,15,4,6,0
4702,Graduation,61839.0,0,0,1000,155,4,4,0
3281,PhD,49154.0,1,1,206,10,4,8,0
702,2n Cycle,47682.0,0,1,162,61,4,8,0
2004,Graduation,72679.0,0,1,619,54,4,5,0
4769,Master,57954.0,1,1,456,4,8,6,0
4437,Graduation,65316.0,1,1,112,6,3,5,0
8724,Graduation,28567.0,1,0,11,3,2,3,0
10741,Master,47352.0,0,1,172,12,6,5,0
1991,Graduation,44931.0,0,1,78,0,2,3,0
6931,Graduation,76982.0,0,0,464,151,8,4,1
11096,2n Cycle,57247.0,0,1,99,4,2,7,0
304,Master,22944.0,1,0,19,3,3,3,0
3665,2n Cycle,25315.0,1,0,1,9,3,3,0
10591,Graduation,43638.0,0,1,63,10,4,4,0
5036,PhD,42710.0,1,0,252,3,4,3,0
5547,PhD,84169.0,0,0,1478,19,7,6,1
7822,Graduation,54058.0,0,1,198,18,4,8,0
8541,2n Cycle,24683.0,1,0,8,4,2,4,0
10955,Graduation,85620.0,0,0,416,46,3,4,1
4368,Graduation,47850.0,1,0,42,7,3,4,0
9671,Graduation,19514.0,1,1,14,3,3,2,1
2256,Master,27159.0,1,1,17,0,1,3,0
4279,2n Cycle,39548.0,1,1,15,4,1,3,0
5371,Graduation,21474.0,1,0,6,16,3,2,1
9240,PhD,60504.0,0,1,458,0,6,8,0
9460,Graduation,22419.0,0,0,30,3,3,2,0
9504,Master,81698.0,0,0,179,28,3,13,1
8692,Graduation,43462.0,1,1,90,17,4,5,0
448,PhD,54880.0,1,0,308,85,6,11,0
8314,Graduation,79908.0,0,0,557,129,5,7,0
8420,2n Cycle,15315.0,0,0,7,4,2,4,0
3174,Graduation,87771.0,0,1,1492,38,5,4,1
7685,Graduation,33039.0,1,0,30,8,2,4,0
3179,Graduation,81741.0,0,0,249,153,6,7,0
9780,Master,71499.0,0,1,465,25,8,13,0
10681,2n Cycle,62466.0,0,1,129,129,6,12,0
10232,PhD,48799.0,0,1,174,18,3,7,0
4184,PhD,52157.0,0,1,189,2,3,5,0
9120,Graduation,66565.0,0,1,747,10,4,9,0
891,Master,29298.0,1,1,6,0,1,2,0
10381,Graduation,47691.0,0,1,14,0,1,2,0
3525,Graduation,38200.0,1,1,12,0,1,2,0
6818,Graduation,44989.0,0,1,98,0,5,5,0
3526,PhD,38443.0,1,1,32,0,1,3,0
8181,2n Cycle,38593.0,1,0,51,12,4,3,0
1029,PhD,64413.0,0,1,200,5,5,5,0
7369,Master,36959.0,1,0,25,6,2,3,0
2574,PhD,61996.0,0,1,1050,12,6,8,1
8159,Graduation,51287.0,1,1,117,0,4,3,0
1160,Graduation,13260.0,1,1,9,4,3,3,0
10242,PhD,47472.0,1,1,56,0,2,4,0
5253,Master,54603.0,1,1,145,13,4,4,0
5966,PhD,45207.0,1,1,203,0,3,6,0
5314,Graduation,40689.0,0,1,270,3,7,5,0
5081,2n Cycle,47821.0,1,1,9,0,1,3,0
5123,Master,27450.0,0,0,37,12,2,3,0
5756,Graduation,39453.0,1,0,46,0,2,3,0
8036,2n Cycle,26850.0,1,1,31,1,2,4,0
9058,Graduation,79800.0,0,0,1060,21,5,5,1
5057,Master,61794.0,0,1,264,47,4,10,0
254,Graduation,53863.0,0,1,399,4,7,7,0
4179,Graduation,24221.0,0,0,8,9,1,3,0
3710,PhD,39684.0,1,0,19,0,2,2,1
7627,Master,92163.0,0,0,817,183,5,5,1
4501,Master,69882.0,0,0,292,127,3,9,0
6424,Graduation,33178.0,1,0,12,6,1,3,0
3075,PhD,59973.0,0,0,130,30,3,7,0
4992,Master,17459.0,1,0,6,4,3,2,1
5252,Graduation,23910.0,1,0,16,12,2,3,0
7444,Master,42169.0,1,1,19,0,1,3,0
6919,2n Cycle,26224.0,1,0,4,7,2,3,0
3537,Graduation,31089.0,1,0,31,3,3,4,0
10277,Graduation,30081.0,0,1,36,0,1,3,0
2453,Graduation,62807.0,0,1,526,28,5,12,0
7972,Graduation,72906.0,0,0,400,32,3,9,0
895,PhD,61467.0,0,2,410,16,5,10,0
1177,Master,49618.0,1,1,80,3,3,3,0
7141,Master,21888.0,1,0,88,10,5,2,1
7232,Graduation,42429.0,0,1,55,0,1,3,0
8477,Graduation,26150.0,2,1,5,1,1,3,0
2457,Basic,30801.0,0,1,8,4,1,3,0
988,Graduation,81168.0,0,0,410,0,6,7,0
7930,Master,26877.0,0,0,101,13,3,6,0
4587,Master,45006.0,0,0,162,25,3,7,0
6682,Basic,18978.0,1,0,2,8,1,3,0
6222,Graduation,22574.0,2,1,25,0,2,3,0
10299,PhD,48240.0,0,0,389,91,6,13,1
3083,Graduation,45837.0,1,1,215,13,6,5,0
8953,Master,35791.0,2,1,27,0,1,3,0
1503,PhD,162397.0,1,1,85,1,0,1,0
8650,Graduation,54162.0,1,1,5,6,1,3,0
10862,Master,30522.0,0,1,179,8,1,9,0
2782,PhD,54456.0,0,1,352,0,6,7,0
6941,Graduation,31632.0,0,0,17,8,2,2,0
10972,Graduation,72298.0,0,0,625,35,4,6,0
10708,2n Cycle,36975.0,1,0,10,6,1,3,0
6583,2n Cycle,72635.0,0,0,390,22,6,6,0
3641,Graduation,13624.0,1,0,10,2,2,3,0
10156,Graduation,84196.0,0,1,215,63,8,7,0
4299,Graduation,70971.0,0,1,1001,17,11,5,1
3469,PhD,34487.0,1,1,19,18,3,3,0
5063,Graduation,28769.0,1,0,41,5,4,4,0
10727,PhD,69084.0,1,0,1181,107,7,13,0
9624,PhD,65488.0,0,0,603,45,3,6,0
5156,2n Cycle,62466.0,0,1,129,129,6,12,0
4376,2n Cycle,32218.0,0,0,10,24,2,3,1
8923,Graduation,83917.0,0,0,514,22,6,7,1
8461,Graduation,46102.0,2,1,14,0,1,2,0
6945,Graduation,84574.0,0,0,387,20,9,11,0
944,Graduation,56181.0,0,1,121,103,4,7,0
1907,Master,63120.0,0,1,965,69,8,9,1
701,Graduation,73691.0,0,1,707,21,6,8,0
3856,Graduation,63381.0,0,1,571,50,4,13,0
4149,PhD,76140.0,0,0,586,66,5,6,0
2131,PhD,62859.0,0,1,1063,89,9,6,0
2942,Graduation,45906.0,0,1,305,3,5,4,0
1173,Master,77632.0,0,0,1200,105,4,6,1
4381,PhD,46463.0,1,1,163,2,3,6,0
4611,Graduation,105471.0,0,0,1009,181,9,13,1
3376,Master,55282.0,1,0,125,6,3,6,0
4679,Master,78710.0,0,1,721,0,7,12,0
10928,Graduation,66886.0,0,1,315,4,7,7,0
4248,Master,98777.0,0,0,1000,19,4,9,0
6728,Graduation,29103.0,1,0,16,0,1,3,0
6661,Graduation,67445.0,0,1,757,80,9,12,0
4725,PhD,50616.0,0,1,30,2,1,4,0
3277,Graduation,49431.0,0,1,219,3,7,5,0
5555,Graduation,153924.0,0,0,1,1,0,0,0
2564,Graduation,61278.0,0,1,111,3,3,4,0
946,2n Cycle,26490.0,0,0,45,47,3,5,0
3867,PhD,73059.0,0,1,410,112,9,13,0
6940,PhD,46734.0,1,2,100,1,3,3,0
55,Graduation,56253.0,0,1,509,0,7,9,0
7093,Graduation,19986.0,1,0,3,6,0,3,0
5084,Graduation,58330.0,0,1,445,53,6,13,0
1777,Basic,25965.0,0,0,2,2,2,3,0
8162,Master,14661.0,0,0,4,1,1,3,0
10826,Graduation,18690.0,0,0,6,1,1,2,0
8754,PhD,45068.0,0,1,14,0,1,2,0
1987,Basic,21063.0,1,0,1,10,2,3,0
11007,PhD,29187.0,1,0,26,0,1,3,0
7426,2n Cycle,54690.0,1,1,111,16,3,5,0
9153,PhD,59304.0,0,1,418,61,7,10,0
10379,Master,59247.0,0,2,327,9,5,9,0
9204,Graduation,66731.0,0,1,371,159,4,6,0
3197,Graduation,77353.0,0,1,275,59,6,8,0
2920,PhD,52614.0,0,1,789,0,2,8,0
6961,Graduation,26751.0,2,0,1,1,1,2,0
4673,PhD,81300.0,0,1,1004,12,10,5,1
9937,Graduation,70337.0,0,0,187,81,2,12,0
8779,2n Cycle,36145.0,1,0,56,4,4,3,1
9596,PhD,65295.0,0,0,365,32,3,13,0
2891,Graduation,68118.0,0,1,595,23,8,4,0
4910,Graduation,68743.0,0,0,1132,134,11,13,0
75,2n Cycle,41039.0,0,0,34,11,8,5,0
10120,Graduation,38946.0,0,1,116,6,3,6,0
6327,Graduation,65777.0,0,0,565,32,2,6,0
10142,PhD,66476.0,0,1,372,18,5,11,0
9826,PhD,86857.0,0,0,899,102,5,10,1
1501,PhD,160803.0,0,0,55,16,0,1,0
10767,PhD,77845.0,0,0,760,40,3,12,0
7279,PhD,69476.0,0,0,260,86,4,4,0
7230,PhD,50611.0,0,1,459,0,4,7,1
143,Graduation,61209.0,0,0,466,0,5,4,0
450,Master,42315.0,0,1,67,15,1,4,0
9316,Basic,13084.0,0,0,2,0,1,3,0
6379,Master,47570.0,1,1,67,1,2,2,1
9239,Master,61923.0,0,2,92,4,2,4,0
8315,Graduation,34824.0,0,0,4,2,1,2,0
2868,PhD,26518.0,1,1,20,1,2,3,1
10888,Graduation,45938.0,0,0,273,11,8,6,0
1277,Graduation,78468.0,0,0,434,22,10,10,0
9977,Graduation,78901.0,0,1,321,11,9,5,0
10196,Graduation,71427.0,2,0,212,123,8,8,0
6384,Graduation,71022.0,0,1,909,12,5,11,0
8029,Master,90247.0,0,0,1184,32,3,7,1
968,Master,41335.0,1,0,112,19,4,4,0
6988,Graduation,71952.0,1,0,656,80,8,8,0
4472,PhD,35682.0,1,0,23,0,1,3,0
6991,Graduation,43185.0,0,1,537,6,9,6,0
3336,PhD,66375.0,0,1,712,0,2,5,0
4301,Master,35178.0,1,0,23,1,1,2,1
1940,Graduation,25252.0,1,0,1,3,1,2,0
1272,Master,55250.0,0,1,664,58,7,10,0
1388,Graduation,33249.0,1,0,6,10,2,3,0
1044,Graduation,58398.0,0,0,299,5,5,8,0
6969,Graduation,50272.0,1,0,99,13,4,5,0
10479,PhD,76618.0,0,0,749,40,3,5,0
3619,2n Cycle,87305.0,0,0,345,25,5,8,1
1715,Graduation,25851.0,1,0,9,4,2,3,0
10159,Graduation,58710.0,0,1,440,81,11,9,0
1463,Graduation,45160.0,1,1,8,2,1,2,0
5114,Master,74806.0,0,1,670,9,5,5,0
4990,Graduation,59111.0,0,0,524,0,11,8,0
4329,PhD,18988.0,1,0,6,0,1,3,0
10936,Graduation,72190.0,0,0,597,166,5,4,0
4692,Graduation,7500.0,1,0,7,0,4,2,1
7212,Graduation,44794.0,0,1,54,0,2,3,0
6086,Graduation,80395.0,0,0,445,25,6,12,0
437,Master,75012.0,0,0,294,142,3,11,0
11171,Master,56962.0,2,1,292,3,6,5,0
11101,Graduation,89891.0,0,0,412,22,11,8,0
5329,PhD,35946.0,1,1,8,0,0,3,0
610,PhD,53593.0,1,1,349,4,7,6,0
9384,Graduation,66373.0,1,1,328,9,4,10,0
5956,PhD,45072.0,1,2,144,2,6,4,0
10430,Graduation,89694.0,1,1,1126,28,4,4,0
7875,Graduation,72025.0,0,0,967,0,4,13,1
7072,Graduation,67432.0,0,1,432,79,8,4,0
6255,Master,70545.0,0,1,138,39,4,7,0
6516,Basic,17487.0,1,0,0,0,1,2,0
5564,Graduation,62882.0,0,1,509,133,7,6,0
5682,PhD,64108.0,0,1,948,10,6,11,0
7458,Master,34941.0,1,1,39,2,3,3,0
5237,PhD,48767.0,1,2,28,1,2,3,0
7761,2n Cycle,38702.0,1,0,13,11,3,4,0
5278,Graduation,82224.0,0,0,307,26,6,5,0
3560,Graduation,83844.0,0,0,901,31,4,11,0
7235,2n Cycle,17003.0,1,0,2,5,2,4,0
10548,Graduation,71163.0,0,0,283,17,3,12,0
2281,Graduation,33697.0,1,0,4,3,1,2,0
4073,2n Cycle,63564.0,0,0,769,80,10,7,1
6974,PhD,83443.0,0,0,518,42,6,5,0
7938,PhD,51518.0,0,1,350,8,3,10,0
7094,Graduation,58330.0,0,1,445,53,6,13,0
3667,Graduation,80952.0,0,0,778,178,8,11,1
7723,Graduation,75507.0,0,0,709,93,8,6,0
3870,2n Cycle,63855.0,0,0,359,35,7,13,0
4012,PhD,62220.0,0,1,799,12,7,5,1
5909,Graduation,58512.0,0,1,895,10,3,8,0
10470,Master,40662.0,1,0,40,2,2,3,0
6488,PhD,38829.0,0,1,76,0,3,2,0
10270,2n Cycle,35523.0,1,0,11,5,3,3,0
6887,Graduation,79146.0,1,1,245,16,8,8,0
6406,Master,78285.0,0,0,647,107,6,10,0
7573,PhD,31626.0,1,0,39,1,2,2,1
4508,Graduation,75127.0,0,0,203,35,2,5,0
221,Graduation,48726.0,0,1,138,3,3,4,0
5331,Graduation,74985.0,0,0,587,51,3,7,0
1911,Graduation,67430.0,0,0,595,97,11,12,0
20,2n Cycle,46891.0,0,1,43,12,2,4,0
8786,Master,62058.0,0,1,301,7,6,7,0
10582,Graduation,72063.0,0,1,180,32,5,12,0
1915,PhD,78939.0,0,0,794,115,8,6,0
8897,Graduation,42720.0,1,1,392,5,7,7,1
2371,Graduation,33622.0,1,1,39,1,2,4,0
4303,PhD,6835.0,0,1,107,2,0,1,0
6825,Graduation,41452.0,1,1,13,0,1,2,0
1072,PhD,40760.0,0,1,70,0,2,3,0
4964,PhD,74250.0,0,0,680,11,2,4,0
2461,Master,51124.0,1,1,26,1,1,3,0
10736,Graduation,72258.0,0,1,522,0,6,5,0
3194,PhD,71466.0,0,0,412,12,4,10,0
10839,Graduation,36283.0,1,1,6,5,1,3,0
49,Graduation,20587.0,1,0,2,3,1,2,0
4290,Graduation,30467.0,1,0,1,3,1,2,0
10219,Graduation,31590.0,1,0,6,2,1,3,0
4211,Basic,20425.0,1,0,4,12,2,3,0
1135,Master,17144.0,1,1,18,2,3,4,0
6299,PhD,42564.0,0,1,324,48,6,4,1
10846,Master,43783.0,1,0,327,9,7,8,0
347,Graduation,40780.0,0,1,229,27,7,5,0
6543,Master,62847.0,0,0,521,168,3,4,0
10446,PhD,82017.0,0,0,184,23,5,7,1
3479,Graduation,16813.0,0,0,4,8,2,3,0
11075,Graduation,51267.0,1,1,183,2,3,5,0
4442,Graduation,46524.0,0,1,31,19,1,5,0
199,Master,45183.0,0,0,219,3,4,7,0
6722,PhD,70421.0,0,1,479,28,10,7,0
796,2n Cycle,60161.0,0,1,584,44,11,8,0
3749,Graduation,73926.0,0,0,627,91,6,12,0
8523,Graduation,19329.0,1,0,24,1,4,3,0
310,Master,61872.0,0,1,330,5,4,9,0
8629,Graduation,46984.0,1,1,19,1,1,3,0
236,Graduation,34838.0,1,1,28,23,2,4,0
9930,PhD,82716.0,0,0,606,148,6,13,0
3483,Graduation,48192.0,0,0,1039,43,2,12,1
4599,Master,49681.0,0,2,411,0,7,7,0
7326,Master,56850.0,0,1,34,1,1,3,0
7352,Graduation,55267.0,0,1,161,28,3,6,0
2350,Graduation,59666.0,1,1,623,53,3,8,0
9145,Graduation,72504.0,0,1,604,26,5,6,0
2964,Graduation,26872.0,0,0,3,10,1,2,0
5585,Graduation,21359.0,1,0,12,2,2,3,1
9687,Graduation,73170.0,0,0,184,174,5,6,0
3732,Master,52750.0,0,1,393,0,5,9,0
6303,PhD,91820.0,0,0,410,73,5,12,0
11176,PhD,65968.0,0,1,376,9,5,7,0
2986,Graduation,30772.0,1,1,7,2,1,2,0
7462,Graduation,22507.0,0,0,68,0,10,4,0
3900,Graduation,65685.0,0,1,642,14,9,9,0
7034,2n Cycle,25804.0,1,0,8,7,2,3,0
9493,PhD,76412.0,0,0,840,53,5,8,1
1143,Graduation,22063.0,1,0,7,10,2,3,0
1,Graduation,57091.0,0,0,464,5,7,7,1
3855,Graduation,22419.0,0,0,30,3,3,2,0
5536,Graduation,87771.0,0,1,1492,38,5,4,1
5989,2n Cycle,78353.0,0,1,752,122,10,11,0
9499,Graduation,93404.0,1,2,1279,15,3,7,0
6768,Graduation,37859.0,1,2,22,1,1,3,0
2150,PhD,80995.0,0,1,860,28,8,4,0
6646,Graduation,16529.0,1,0,3,0,1,3,0
4887,PhD,55412.0,1,1,10,5,2,3,0
8560,Graduation,48789.0,0,0,351,16,6,7,0
3321,PhD,56575.0,0,2,421,5,7,7,0
11003,2n Cycle,25130.0,1,0,2,5,2,3,0
10402,Graduation,35441.0,1,1,25,1,1,3,0
9904,Graduation,71391.0,0,1,336,123,6,12,0
6141,Master,49494.0,1,0,191,9,6,5,0
5687,Graduation,81702.0,0,0,563,50,7,12,0
10856,2n Cycle,45889.0,0,1,31,0,1,3,0
5121,Graduation,56628.0,0,1,479,5,7,5,0
4186,Graduation,34026.0,1,1,18,6,2,3,0
368,Graduation,40049.0,0,1,91,65,3,6,0
3312,Graduation,34176.0,1,0,5,7,3,4,0
11121,Graduation,19419.0,1,0,2,14,4,3,0
5332,2n Cycle,82504.0,0,0,362,50,3,7,0
5848,Graduation,81205.0,0,0,724,74,5,7,1
10343,2n Cycle,61618.0,0,0,605,91,3,8,0
5935,Master,55284.0,0,1,547,7,7,8,0
2895,Graduation,49980.0,0,1,104,1,3,5,0
10262,Graduation,15072.0,2,0,8,2,3,3,0
7848,Graduation,49166.0,0,1,224,2,5,3,0
9477,PhD,65324.0,0,1,384,0,6,9,0
4856,2n Cycle,82347.0,0,0,556,54,7,10,0
7186,PhD,30843.0,1,1,24,0,1,2,0
5794,PhD,46374.0,0,1,408,0,7,7,1
1456,Graduation,60474.0,0,1,265,199,10,12,0
4877,Master,38576.0,0,1,34,0,1,3,0
425,Graduation,55357.0,2,0,374,64,6,11,0
3007,Graduation,37758.0,1,1,27,2,1,3,0
1031,2n Cycle,85710.0,0,0,600,20,6,10,0
4297,Graduation,23228.0,1,0,13,2,2,3,0
807,Master,44602.0,1,1,167,2,6,4,0
9553,Graduation,7500.0,0,0,0,2,0,3,0
4271,2n Cycle,38683.0,1,0,46,35,4,6,0
4120,2n Cycle,49514.0,1,0,88,39,6,4,0
2036,PhD,57906.0,0,1,243,11,4,8,0
115,Master,43456.0,0,1,275,11,5,8,0
4259,Master,19485.0,2,0,6,0,1,2,0
8687,Graduation,53172.0,0,1,121,62,2,8,0
2447,Graduation,30545.0,1,0,4,12,2,3,0
10140,PhD,70123.0,0,0,1308,0,5,4,0
9353,Graduation,62450.0,0,1,515,47,5,4,0
3623,Graduation,21675.0,1,0,4,0,4,3,0
738,2n Cycle,42395.0,1,1,48,13,3,4,0
7631,Master,61346.0,1,0,562,58,5,10,0
4789,Graduation,80812.0,0,0,769,22,4,5,0
773,Master,42835.0,1,1,379,4,6,4,0
10602,Graduation,39922.0,1,0,29,12,3,4,0
1446,Master,86424.0,0,0,387,68,6,12,0
3270,2n Cycle,17117.0,1,0,12,23,3,3,0
8443,Graduation,24762.0,1,0,6,10,3,2,1
9653,Graduation,35797.0,0,1,27,1,2,3,0
8916,Graduation,36627.0,2,0,9,1,0,3,0
8017,2n Cycle,51111.0,1,1,22,0,2,3,0
5830,PhD,86857.0,0,0,899,102,5,10,1
4597,PhD,82072.0,0,0,889,55,3,13,0
7023,PhD,46231.0,2,1,189,2,6,4,0
8086,Graduation,42243.0,1,1,48,0,2,3,0
8825,Graduation,51195.0,1,1,230,14,9,5,0
2930,Master,68092.0,0,0,852,60,2,10,0
1928,Graduation,31814.0,1,0,35,3,2,3,0
7108,Master,51390.0,1,1,205,20,5,5,0
10925,Graduation,76630.0,0,0,255,31,3,11,0
9960,Basic,26868.0,1,0,0,0,1,2,0
8800,PhD,48948.0,0,0,437,8,7,5,1
9224,PhD,55260.0,0,1,825,8,8,5,0
5519,Graduation,64090.0,0,1,316,58,6,4,1
5046,Graduation,78331.0,0,1,756,138,10,7,0
7037,PhD,37087.0,1,0,194,55,4,8,0
905,Graduation,21846.0,1,0,7,17,4,3,0
8624,Graduation,81320.0,0,0,183,33,4,10,0
8945,Graduation,54137.0,0,1,171,0,4,4,0
6445,Graduation,66825.0,0,0,243,101,4,6,0
2727,Graduation,57100.0,0,0,181,21,3,6,0
6404,Graduation,58917.0,1,2,151,7,4,6,0
11074,Graduation,85072.0,0,0,494,92,3,10,0
10150,Graduation,86429.0,0,0,464,28,7,7,1
1968,Graduation,45684.0,1,0,5,1,1,2,0
6534,Graduation,47889.0,1,0,29,0,2,3,0
9485,PhD,45921.0,0,0,102,9,2,6,0
7053,PhD,78420.0,0,0,604,28,3,8,0
4654,Graduation,75114.0,0,0,571,12,3,5,0
9760,PhD,52278.0,0,1,953,0,10,10,1
1048,Master,35641.0,1,0,63,3,3,4,1
10619,Graduation,95529.0,0,0,770,29,7,7,1
9308,Graduation,62820.0,0,0,398,61,3,6,0
10505,Master,73113.0,0,0,741,19,3,7,0
8362,PhD,84169.0,0,0,1478,19,7,6,1
2625,2n Cycle,42607.0,0,1,156,29,3,7,0
4637,PhD,74637.0,0,0,960,64,6,9,0
9972,PhD,46015.0,1,1,38,0,1,3,0
4483,Graduation,72354.0,0,0,315,26,2,6,0
4487,Master,39858.0,1,0,15,20,2,4,1
4988,PhD,34469.0,1,1,19,6,1,4,0
8931,Graduation,83033.0,1,0,812,99,11,10,0
5871,Master,24401.0,0,0,73,28,6,6,0
2008,Graduation,77583.0,0,0,372,23,4,9,0
3139,2n Cycle,74116.0,0,0,871,111,4,10,0
10037,Graduation,74293.0,0,0,375,152,5,6,0
10673,PhD,68397.0,0,1,760,80,6,5,0
5303,PhD,79632.0,0,0,471,0,6,9,0
538,Graduation,46107.0,1,0,31,9,1,4,0
7922,PhD,64950.0,0,1,819,0,11,10,0
5692,Basic,25443.0,1,0,1,4,1,3,0
4843,Graduation,75127.0,0,0,203,35,2,5,0
6383,PhD,32892.0,1,0,26,0,3,3,0
1628,Graduation,71796.0,0,0,354,21,9,4,0
1204,PhD,67536.0,0,1,1253,0,11,11,0
3673,Graduation,55239.0,0,1,371,17,7,11,0
760,PhD,60554.0,1,0,588,7,8,9,0
8957,2n Cycle,64831.0,1,1,480,86,6,5,0
4128,PhD,56067.0,0,1,517,12,7,7,0
6810,Graduation,82025.0,0,0,267,98,3,6,1
5386,Graduation,94384.0,0,0,1111,24,5,5,1
8700,Basic,14906.0,0,0,7,7,2,3,0
3202,PhD,51563.0,0,0,1166,0,4,10,0
1328,2n Cycle,57937.0,0,1,261,42,4,9,0
8405,Graduation,68274.0,1,1,135,25,4,5,0
6515,Graduation,39771.0,1,0,6,2,2,3,0
2882,2n Cycle,67893.0,0,1,711,28,3,9,0
7574,PhD,27922.0,1,0,11,0,2,3,0
6387,PhD,52190.0,1,1,42,0,2,3,0
5320,Master,44051.0,1,1,79,7,3,4,1
5048,PhD,42767.0,2,0,20,6,3,2,0
8146,Master,46106.0,1,1,30,0,1,2,0
10031,PhD,16927.0,1,1,20,2,3,4,0
5748,Graduation,59754.0,0,1,115,27,5,6,1
2134,Graduation,53700.0,0,1,263,5,5,8,0
1523,Graduation,59041.0,1,1,69,2,2,4,0
9665,PhD,54237.0,0,1,267,3,5,5,0
4640,Graduation,70647.0,0,1,561,85,4,13,0
3635,PhD,52597.0,0,1,492,0,6,8,0
3547,Master,41021.0,1,0,14,7,2,3,1
2456,PhD,40233.0,0,1,80,4,2,5,0
5633,Graduation,50183.0,1,1,97,12,3,6,0
7801,Graduation,54753.0,0,1,197,107,5,11,0
10489,Graduation,92955.0,0,0,693,21,6,9,1
7011,Graduation,33471.0,1,0,43,2,3,4,0
2620,PhD,34596.0,1,0,14,0,1,2,1
3933,Graduation,44010.0,1,0,186,36,10,6,0
10981,Graduation,84219.0,0,0,434,137,3,10,0
1734,PhD,40706.0,2,1,59,0,3,4,0
10995,2n Cycle,15716.0,1,0,16,5,3,4,0
6357,2n Cycle,59052.0,0,1,230,35,7,7,0
9209,Master,80573.0,0,0,829,138,4,13,0
10286,Graduation,83715.0,0,0,318,8,2,13,0
2611,Master,82576.0,0,0,1206,55,2,12,0
1600,Master,56962.0,2,1,292,3,6,5,0
3308,Graduation,35704.0,1,1,30,9,2,4,0
5407,Graduation,53103.0,0,1,729,17,10,7,0
2166,2n Cycle,46779.0,1,1,12,1,0,2,0
3955,Graduation,4861.0,0,0,2,1,0,0,0
6634,Master,33462.0,1,0,22,3,2,3,0
3056,Graduation,63693.0,0,1,587,43,11,9,0
5718,Graduation,80763.0,0,0,674,168,5,6,1
6872,PhD,65352.0,0,1,284,3,4,8,0
8164,PhD,82170.0,0,0,1023,93,5,7,0
4580,Graduation,75759.0,0,0,1394,22,9,9,1
9305,2n Cycle,79689.0,0,0,311,26,4,13,0
453,PhD,35340.0,1,1,27,0,2,3,0
8545,Graduation,85683.0,0,0,1296,17,2,10,1
9850,2n Cycle,24884.0,1,0,3,6,0,3,0
7378,Master,42021.0,1,0,393,5,10,6,0
7646,Graduation,64449.0,1,0,218,63,5,12,0
1640,Graduation,64587.0,1,1,66,0,1,4,0
5184,Graduation,34824.0,0,0,4,2,1,2,0
8492,Graduation,75437.0,0,0,795,0,8,10,0
11188,Graduation,26091.0,1,1,15,10,2,3,0
1212,Graduation,52845.0,1,0,384,25,8,6,0
9097,Graduation,46086.0,0,1,244,8,3,8,0
10473,PhD,78028.0,0,1,158,19,6,9,1
7962,PhD,95169.0,0,0,1285,21,4,4,1
9984,2n Cycle,56337.0,1,1,349,16,8,4,1
5527,Graduation,22434.0,1,0,4,12,2,3,0
6374,PhD,36930.0,0,1,223,2,5,4,0
7453,Graduation,36130.0,0,1,157,43,3,4,1
8952,Master,65569.0,0,1,397,46,6,10,0
241,Graduation,83844.0,0,0,901,31,4,11,0
8975,Graduation,19514.0,1,1,14,3,3,2,0
6119,PhD,36736.0,1,1,10,0,1,2,0
5236,Graduation,77568.0,0,1,1230,0,10,8,0
5723,PhD,49187.0,0,1,81,1,1,5,0
1710,Graduation,30168.0,1,0,154,20,6,4,0
1970,Master,34053.0,0,1,63,0,3,3,0
5313,Master,38196.0,1,1,30,0,2,4,0
10634,Master,59412.0,0,0,90,67,4,8,0
7010,2n Cycle,70924.0,0,0,635,114,6,7,0
8562,Graduation,54165.0,0,0,127,4,2,7,0
3158,Graduation,32300.0,1,0,13,3,1,3,0
4436,Graduation,20180.0,0,0,18,42,2,4,0
5287,Graduation,34961.0,1,0,45,2,3,3,0
2445,PhD,28440.0,1,0,38,1,2,3,0
6059,PhD,64504.0,1,2,986,36,11,4,1
4550,Master,33564.0,0,1,61,0,1,3,0
4240,Graduation,17345.0,1,0,4,9,2,2,0
8911,PhD,56320.0,0,1,201,53,5,9,0
3706,Graduation,28647.0,1,0,19,8,2,2,1
3628,Basic,15038.0,1,0,4,8,2,2,0
10175,PhD,32173.0,0,1,18,0,1,3,0
8985,2n Cycle,68316.0,0,1,806,80,10,10,0
5204,Graduation,74538.0,0,0,380,98,8,5,1
9220,Graduation,91700.0,0,0,576,172,8,5,1
9888,Graduation,68695.0,0,0,458,81,4,7,0
5263,2n Cycle,31056.0,1,0,5,10,1,3,0
1020,Graduation,79593.0,0,0,350,60,5,7,0
9503,Graduation,28071.0,0,0,39,33,5,5,0
10613,PhD,37334.0,1,1,26,1,3,4,0
67,Master,46423.0,1,1,68,0,2,4,0
6019,PhD,37126.0,1,0,45,3,1,2,1
5863,Graduation,47703.0,0,1,359,0,6,8,0
3717,Graduation,61180.0,0,1,403,24,5,6,0
6730,Graduation,38998.0,1,1,34,1,2,3,0
10749,Graduation,8028.0,0,0,73,18,0,0,0
4998,Graduation,76081.0,0,0,292,30,4,4,0
6287,Graduation,34728.0,1,0,14,0,1,2,1
5985,Master,33168.0,0,1,80,1,2,4,0
4754,Master,33585.0,0,1,30,11,2,4,0
4002,PhD,77037.0,0,1,463,96,7,12,0
8870,Graduation,35196.0,1,0,75,12,6,5,1
966,Graduation,44529.0,0,1,538,13,6,11,0
4767,2n Cycle,70924.0,0,0,635,114,6,7,0
9725,PhD,28764.0,1,1,8,0,1,2,0
4475,PhD,69098.0,0,0,1315,22,7,9,0
5740,2n Cycle,25959.0,1,1,4,2,1,2,1
5731,Master,27100.0,1,0,12,0,1,3,0
7290,Graduation,70596.0,0,0,347,44,3,12,0
3846,Graduation,42557.0,0,1,192,5,6,4,0
8104,PhD,53312.0,0,0,241,0,5,5,0
4507,Graduation,72228.0,0,0,631,28,6,8,0
11013,Graduation,67605.0,0,0,336,28,2,6,0
4491,Master,62845.0,1,1,1099,0,3,10,0
3759,Graduation,65196.0,0,2,743,19,7,11,0
1162,PhD,42000.0,0,0,124,83,5,11,1
2055,PhD,35860.0,1,1,15,0,1,2,0
10766,PhD,65526.0,0,1,397,19,4,8,0
4415,Graduation,16860.0,1,1,10,4,1,3,0
3005,Graduation,83528.0,0,0,530,117,4,8,1
2223,2n Cycle,64176.0,0,1,1215,33,8,8,0
4817,Graduation,22304.0,0,0,3,2,1,2,0
2875,Graduation,67023.0,0,0,444,44,3,13,0
10536,PhD,32892.0,1,0,26,0,3,3,0
11112,Graduation,70713.0,0,1,736,114,5,8,0
3807,Graduation,59925.0,0,1,473,21,9,9,0
9197,Graduation,39722.0,0,1,32,0,2,3,0
10832,Graduation,46610.0,0,0,288,10,6,6,0
6421,Graduation,88347.0,0,0,1050,178,4,9,0
4207,PhD,87171.0,0,0,1001,44,6,11,0
577,2n Cycle,26907.0,1,1,9,1,1,3,0
10855,Master,50014.0,1,0,234,14,4,8,0
3081,PhD,41014.0,1,0,7,2,1,2,0
3535,Graduation,66294.0,0,0,251,108,4,5,0
247,Graduation,36715.0,1,0,172,10,7,4,1
8707,Graduation,79456.0,0,0,565,42,5,4,1
9523,Graduation,40479.0,1,0,5,0,0,3,0
6072,Master,75345.0,0,0,918,57,5,6,1
6295,Graduation,54233.0,0,1,652,8,11,5,0
10914,Graduation,24163.0,1,1,4,1,1,3,0
1509,PhD,84460.0,0,0,152,27,9,4,1
5577,Graduation,43776.0,1,0,8,0,1,2,0
7348,PhD,71691.0,0,0,336,130,4,5,1
1127,PhD,85844.0,0,0,938,19,6,7,0
1833,PhD,39190.0,1,0,68,8,2,4,0
4944,Graduation,71367.0,0,0,227,23,4,7,0
9080,PhD,38578.0,1,1,38,4,3,3,0
6466,PhD,57236.0,1,1,105,0,2,4,0
9964,Graduation,61825.0,0,1,162,50,4,8,0
4790,Graduation,79803.0,0,1,574,8,4,5,0
10245,2n Cycle,80910.0,0,0,160,80,3,8,0
1109,Master,27590.0,1,0,6,0,1,2,0
6001,Graduation,56775.0,0,1,614,35,5,10,0
5538,Graduation,83829.0,0,0,897,161,4,6,1
10552,2n Cycle,54210.0,0,1,70,54,4,7,0
1545,Graduation,38508.0,1,0,120,19,7,5,0
7409,Graduation,53187.0,1,0,211,2,4,6,0
4444,Graduation,30023.0,1,0,11,0,2,3,0
146,PhD,76045.0,0,0,760,53,4,11,0
6271,PhD,50870.0,0,1,53,0,2,3,0
10065,2n Cycle,15315.0,0,0,7,4,2,4,0
4741,2n Cycle,65463.0,1,0,391,32,6,9,0
246,Graduation,66480.0,1,1,199,9,4,7,0
375,Graduation,76773.0,0,0,516,56,2,11,0
1524,2n Cycle,81698.0,0,0,709,45,8,5,1
10022,PhD,54466.0,1,1,12,0,1,2,0
7451,Master,98777.0,0,0,1000,19,4,9,0
11010,PhD,16269.0,1,0,19,3,3,3,0
4356,Graduation,71819.0,0,1,1224,28,3,5,0
3885,PhD,33569.0,1,0,16,2,1,2,1
1175,Master,36262.0,0,0,88,39,3,3,1
880,Basic,22634.0,0,0,2,23,2,2,0
2320,2n Cycle,47025.0,0,1,508,11,11,6,0
850,Graduation,70566.0,0,1,381,28,6,9,0
4713,PhD,31605.0,1,0,74,0,2,4,0
675,Master,52034.0,1,1,146,0,4,5,0
5025,Graduation,48526.0,1,0,23,17,2,4,0
2308,Graduation,46734.0,0,1,110,5,6,5,0
5995,Graduation,39552.0,1,1,165,3,6,5,1
6749,Graduation,86358.0,1,1,957,47,5,6,0
1010,Graduation,46931.0,2,1,41,0,1,3,0
8977,Basic,16581.0,0,0,1,3,0,3,0
4756,2n Cycle,63998.0,0,0,176,29,7,11,1
3412,Master,67381.0,0,1,815,8,2,9,0
606,Graduation,25930.0,1,1,6,1,1,2,0
5961,Graduation,42693.0,1,0,8,4,1,3,0
2975,Graduation,85606.0,0,1,717,42,6,9,0
2894,Graduation,72903.0,0,0,1067,138,7,8,1
7613,2n Cycle,49669.0,1,0,166,5,5,6,0
10542,PhD,36778.0,1,1,29,4,3,3,0
8015,PhD,85696.0,0,0,714,76,4,9,1
10617,Master,10979.0,0,0,8,4,3,3,0
11166,Graduation,49678.0,0,1,229,5,6,4,0
849,Master,56129.0,0,1,320,48,6,10,0
523,Graduation,37155.0,1,0,23,0,2,4,0
4066,2n Cycle,21282.0,1,0,1,5,2,2,0
8414,PhD,33419.0,0,1,56,0,2,4,0
819,Graduation,63285.0,0,0,508,124,6,13,0
4961,Master,21255.0,1,0,29,0,2,4,0
749,Graduation,42162.0,1,0,46,7,3,3,1
5430,Graduation,54450.0,1,1,454,0,9,8,0
7755,PhD,57744.0,0,1,350,3,9,4,0
10525,Graduation,26576.0,1,0,10,0,1,2,1
1453,PhD,57513.0,0,0,735,40,9,13,0
8310,Graduation,68142.0,0,1,897,126,10,7,0
10710,Graduation,7500.0,0,1,5,2,1,2,0
5031,Graduation,83145.0,0,0,777,35,5,11,1
2613,Master,54197.0,0,1,162,6,1,6,0
213,PhD,23091.0,1,1,35,0,2,3,0
967,Graduation,46049.0,1,1,342,9,5,9,1
1077,Graduation,56715.0,0,0,258,105,7,4,0
7959,Graduation,79410.0,0,0,658,80,3,5,0
640,Graduation,57304.0,0,1,356,80,7,10,0
4252,Graduation,44375.0,0,1,213,5,4,6,0
8432,Graduation,54450.0,1,1,454,0,9,8,0
6218,Graduation,59594.0,0,1,457,4,8,7,0
6905,Graduation,80685.0,0,0,241,45,6,10,0
5922,PhD,40344.0,0,1,210,0,4,5,0
3598,Graduation,62710.0,0,1,441,35,4,12,0
6116,2n Cycle,48985.0,0,1,19,13,1,3,0
6263,Graduation,35322.0,1,2,28,9,2,4,0
10486,Graduation,77142.0,0,0,476,75,4,8,0
2410,Graduation,81657.0,0,0,364,40,3,8,0
193,Basic,14421.0,0,0,0,0,1,2,0
3363,2n Cycle,20130.0,0,0,0,6,1,3,0
8278,PhD,74214.0,0,0,863,83,8,5,0
10660,Master,66726.0,1,1,349,7,8,4,0
8686,Basic,23724.0,1,0,5,23,2,3,0
1604,Master,47353.0,0,1,184,2,2,6,0
5907,Master,33444.0,1,1,8,0,1,2,0
10669,Graduation,54386.0,0,1,277,21,3,10,0
2918,Graduation,28510.0,1,1,44,5,2,4,0
5735,Master,90638.0,0,0,1156,120,3,10,0
359,Graduation,48070.0,0,1,373,14,8,6,0
8387,Graduation,43140.0,0,1,134,8,4,5,0
1829,PhD,54959.0,0,1,1148,0,9,4,1
3839,Basic,15056.0,1,1,6,12,2,3,0
9392,Graduation,26954.0,1,0,4,1,1,2,0
2292,Graduation,22327.0,1,0,5,4,1,3,0
10466,Graduation,44393.0,1,1,24,2,1,4,0
9855,PhD,62000.0,0,1,899,0,6,13,0
4088,PhD,31497.0,0,1,108,1,3,4,0
5231,2n Cycle,45894.0,0,2,27,2,1,3,0
590,Master,78579.0,0,0,816,66,5,4,1
8732,Master,67369.0,0,1,1298,0,7,10,1
2315,Graduation,58401.0,0,1,10,0,1,2,0
3515,Graduation,62307.0,0,1,87,13,4,4,0
2245,Master,43641.0,1,1,57,2,2,4,0
6283,Master,63841.0,0,1,635,15,9,9,0
2246,2n Cycle,46891.0,0,1,43,12,2,4,0
6606,Master,70091.0,1,0,964,34,5,10,0
5545,PhD,78075.0,0,0,572,8,3,5,0
7342,2n Cycle,59184.0,0,1,341,142,6,12,0
837,Graduation,54809.0,1,1,63,6,2,5,0
9500,Graduation,58113.0,0,1,221,104,9,8,0
3602,Master,51412.0,0,1,140,3,3,4,0
234,Graduation,15287.0,1,0,1,2,1,2,1
2995,Master,66636.0,0,0,291,10,3,9,0
1118,Master,50965.0,0,1,544,13,10,5,0
7789,PhD,84618.0,0,0,684,100,6,10,0
3068,Graduation,18351.0,0,0,1,12,2,3,0
8955,PhD,40451.0,0,2,35,0,1,2,0
945,Graduation,36317.0,0,1,87,3,3,4,0
5644,Graduation,42213.0,0,1,309,3,5,7,0
7192,Graduation,65748.0,0,1,172,73,2,10,0
2324,Graduation,77044.0,0,1,625,38,7,11,0
697,Graduation,74918.0,0,0,972,59,5,6,0
3439,Graduation,56721.0,1,1,157,6,4,5,0
1506,Graduation,42160.0,1,1,48,9,2,4,1
232,Graduation,61559.0,0,1,279,83,4,10,0
8876,PhD,33629.0,1,1,132,0,3,4,0
4500,PhD,68682.0,0,0,919,0,4,10,0
9739,Graduation,34377.0,0,1,62,0,2,2,0
10395,Basic,8940.0,1,0,1,45,3,3,0
1176,Graduation,26228.0,1,0,2,6,1,2,0
1627,2n Cycle,77297.0,0,0,408,61,5,9,0
938,Graduation,40211.0,1,1,51,1,2,2,0
2740,PhD,33438.0,1,1,62,1,2,4,0
257,PhD,75032.0,0,1,952,12,5,9,0
4058,PhD,61284.0,0,0,618,15,11,8,0
7736,Graduation,22518.0,1,0,11,7,2,2,1
8210,Master,54730.0,0,1,318,3,4,8,0
833,Master,38452.0,1,1,56,0,3,3,0
6230,Graduation,44421.0,1,1,110,5,5,4,0
7325,PhD,38197.0,1,0,23,0,1,3,0
1307,Graduation,41986.0,0,1,27,5,3,4,0
1502,Graduation,28427.0,1,0,18,3,2,3,0
6211,PhD,37395.0,1,0,18,0,1,3,0
843,Graduation,64722.0,1,0,303,0,8,11,0
4174,Master,55249.0,0,1,97,1,2,4,0
9757,Graduation,84906.0,0,0,997,15,5,12,0
6918,Graduation,28691.0,1,0,5,4,1,3,0
286,Graduation,44213.0,1,1,95,11,2,5,0
11086,Basic,25707.0,1,0,1,6,1,3,0
1921,PhD,59062.0,2,1,46,1,2,3,0
4138,Graduation,76624.0,0,1,411,106,5,7,0
7718,Master,66000.0,0,0,244,51,1,5,0
1291,PhD,27683.0,1,0,152,9,6,4,0
6862,Graduation,1730.0,0,0,1,1,0,0,0
4136,Basic,7500.0,1,0,10,17,3,2,0
803,Graduation,40521.0,1,1,12,0,0,2,0
4298,PhD,20427.0,1,0,5,0,1,2,0
10833,Graduation,65106.0,0,1,790,19,8,13,0
9606,PhD,69969.0,0,0,882,29,4,6,1
8534,Graduation,67433.0,0,2,615,28,6,13,0
5153,PhD,77766.0,0,1,1004,59,11,11,1
961,Graduation,74716.0,0,1,133,27,7,5,0
5011,Graduation,68118.0,0,1,595,23,8,4,0
6653,PhD,55158.0,1,1,293,0,7,5,1
9094,2n Cycle,62972.0,0,1,313,15,7,3,1
810,Graduation,74190.0,0,1,151,81,4,11,0
5493,Graduation,39356.0,1,1,15,0,1,2,0
2147,Graduation,76653.0,0,0,736,63,4,11,0
5107,PhD,35860.0,1,1,15,0,1,2,0
3979,PhD,90687.0,0,0,982,17,6,8,1
6049,Master,73450.0,0,0,1142,51,7,11,0
8147,Graduation,31454.0,1,1,28,0,2,3,0
1857,Graduation,47139.0,1,1,46,0,2,2,1
3910,Graduation,83829.0,0,0,897,161,4,6,1
5207,PhD,53378.0,1,1,489,6,9,6,1
11114,Graduation,19656.0,1,0,25,4,2,3,0
5429,PhD,45579.0,0,1,145,1,4,4,0
9400,2n Cycle,85485.0,0,0,630,26,6,6,0
1740,Graduation,55956.0,0,0,760,38,7,4,0
7488,Master,64191.0,0,1,420,15,5,13,0
195,Graduation,38808.0,1,0,125,17,5,4,1
635,Master,57183.0,1,1,464,5,9,7,0
7527,Master,23748.0,1,0,6,6,2,3,0
10319,Graduation,66303.0,0,1,1090,12,3,11,0
2296,Master,37368.0,1,0,3,2,1,2,0
10637,Graduation,40800.0,1,2,24,0,3,3,0
2931,Graduation,71847.0,0,0,737,21,6,9,0
907,Graduation,46149.0,0,1,254,6,5,7,0
3698,Graduation,78687.0,0,0,817,185,4,8,1
9516,2n Cycle,49118.0,0,0,620,54,9,10,1
679,PhD,37633.0,1,1,13,4,1,3,0
7384,Master,39767.0,0,0,113,61,7,7,0
5043,Basic,26997.0,0,0,7,23,4,5,0
5267,Graduation,33986.0,1,0,16,2,1,3,0
339,PhD,57091.0,0,1,462,0,9,5,1
2516,2n Cycle,46831.0,1,1,22,2,1,2,0
9010,Master,83151.0,0,0,968,147,5,10,1
378,Graduation,52531.0,0,0,283,112,7,10,0
4808,Graduation,15759.0,0,0,1,2,1,2,0
5068,Graduation,22804.0,1,0,14,1,2,2,0
7628,2n Cycle,43050.0,1,0,30,5,2,4,0
7128,PhD,42997.0,1,1,4,0,1,2,0
2811,PhD,48918.0,1,1,52,0,1,4,0
3551,Master,60033.0,0,1,62,1,2,5,0
1663,PhD,34043.0,1,0,20,2,2,2,0
5543,Graduation,57811.0,0,1,545,7,7,11,0
1577,Graduation,78569.0,0,0,558,79,4,4,1
10641,Graduation,7500.0,1,1,6,5,2,3,0
5336,Master,157733.0,1,0,39,1,1,1,0
6024,Graduation,94384.0,0,0,1111,24,5,5,1
1878,2n Cycle,23148.0,0,0,4,6,2,3,0
3099,Graduation,44267.0,1,1,183,5,5,4,0
6055,Graduation,71626.0,0,0,546,72,5,8,0
5841,Graduation,60894.0,0,1,606,7,10,8,0
3972,Graduation,50200.0,1,1,266,6,7,5,0
4394,PhD,81051.0,0,0,1142,29,5,12,0
5758,Graduation,65169.0,0,0,1074,0,10,13,1
6658,Graduation,59868.0,0,1,771,51,11,12,0
4603,PhD,65695.0,0,1,371,32,5,10,0
8427,Master,64857.0,0,0,556,14,7,10,0
10260,Master,45143.0,0,1,202,5,6,5,0
7143,2n Cycle,74805.0,0,1,209,162,4,10,0
8789,2n Cycle,59060.0,1,0,35,40,3,7,0
6197,PhD,27238.0,1,1,37,0,3,3,0
4554,Graduation,47009.0,0,1,171,45,3,8,0
4937,2n Cycle,46094.0,1,1,12,2,1,3,0
1920,Graduation,40321.0,1,1,44,4,3,3,0
8749,Graduation,37235.0,1,0,20,2,1,2,0
1650,Master,81843.0,0,0,779,86,5,12,0
10377,Master,46692.0,0,1,170,6,6,5,0
9206,Graduation,77382.0,0,1,491,48,5,12,0
10971,Graduation,37774.0,2,0,173,8,7,3,1
6398,Basic,18393.0,1,0,7,10,3,3,0
9212,Master,72828.0,0,1,1205,0,6,13,0
7937,Graduation,24711.0,0,0,10,7,3,3,0
839,PhD,45503.0,1,0,97,4,3,4,0
4246,Master,6560.0,0,0,67,11,1,1,0
158,PhD,71604.0,0,0,345,53,8,5,1
4832,Graduation,27244.0,1,0,6,5,2,2,0
5621,Graduation,48752.0,1,1,73,57,6,5,1
1945,Graduation,71434.0,0,1,711,36,7,7,0
5147,Graduation,90842.0,0,0,774,70,4,13,0
2535,Master,88097.0,1,0,163,0,6,8,1
11039,Graduation,51948.0,0,1,82,33,5,4,0
9495,Graduation,71853.0,0,0,358,108,2,6,0
9635,Master,35876.0,0,0,66,2,3,3,0
2173,Graduation,40049.0,0,1,13,6,1,3,0
942,Graduation,39660.0,1,0,139,13,7,3,1
9386,Graduation,50127.0,0,1,274,0,5,6,0
5510,Master,43263.0,0,1,262,6,5,6,0
873,Master,62845.0,1,1,1099,0,3,10,1
2253,Graduation,18929.0,0,0,32,0,1,4,0
5181,Basic,24367.0,1,0,2,4,1,2,0
979,Graduation,33249.0,1,0,6,10,2,3,0
10390,2n Cycle,26887.0,0,1,6,7,1,3,0
4698,PhD,50150.0,0,0,135,46,5,7,0
7793,Graduation,62061.0,0,1,641,7,10,7,0
1745,PhD,85696.0,0,0,714,76,4,9,1
10590,PhD,76542.0,0,0,794,73,4,10,0
5080,Graduation,70515.0,0,0,420,0,6,4,1
8369,Graduation,18227.0,1,0,1,2,0,2,0
5232,Graduation,69139.0,0,1,86,12,4,5,0
2407,Graduation,69109.0,0,0,823,25,6,7,1
3834,Graduation,69627.0,0,1,231,161,8,11,0
7912,Graduation,38136.0,1,0,8,15,3,2,0
7712,PhD,62159.0,0,0,182,17,6,10,0
1065,Graduation,80695.0,0,0,557,129,5,5,0
7275,Master,33316.0,1,1,79,1,2,4,0
1343,Graduation,58554.0,1,1,368,24,8,6,0
1384,Basic,17256.0,1,0,6,4,2,2,0
9967,Graduation,53034.0,1,1,160,15,6,7,0
6181,2n Cycle,52203.0,0,0,488,21,8,11,0
10507,2n Cycle,59601.0,0,1,691,7,2,7,0
2674,Master,75154.0,0,1,543,10,6,6,1
2698,Graduation,47025.0,0,1,254,7,6,5,0
3231,Graduation,37971.0,1,0,5,4,1,3,0
4096,Master,41335.0,1,0,112,19,4,4,0
10476,Graduation,67267.0,0,1,134,11,3,5,0
5948,Graduation,57338.0,0,1,143,6,4,5,0
9140,2n Cycle,50523.0,1,1,51,4,2,4,0
10258,Master,35791.0,2,1,27,0,1,3,0
5675,PhD,50611.0,0,1,459,0,4,7,0
4743,PhD,56242.0,0,1,689,8,8,11,0
8805,Graduation,48904.0,0,1,283,10,7,4,0
1542,Graduation,56243.0,1,2,347,0,4,8,0
6770,Graduation,21355.0,1,0,5,13,2,2,1
8773,Master,57420.0,0,1,280,0,5,6,0
10475,Master,,0,1,187,5,4,6,0
10420,Master,46390.0,0,1,95,14,4,3,0
7514,2n Cycle,54342.0,1,1,84,10,3,4,0
2902,Graduation,,1,1,19,4,1,3,0
4345,2n Cycle,,1,1,5,1,1,2,0
793,Graduation,20895.0,1,0,18,3,2,3,0
10909,Graduation,92344.0,0,0,992,24,5,5,0
3769,PhD,,1,0,25,1,1,3,0
8702,2n Cycle,26907.0,1,1,9,1,1,3,0
4791,Graduation,44964.0,1,1,19,1,1,3,0
2963,Graduation,75507.0,0,0,709,93,8,6,0
8216,Master,53761.0,1,1,158,0,4,3,0
8140,Graduation,22682.0,1,0,10,14,2,4,0
10146,PhD,38887.0,1,0,25,1,1,3,0
5289,2n Cycle,41658.0,1,1,8,4,1,2,0
2587,PhD,29791.0,1,0,14,0,2,3,0
4405,Master,63915.0,0,2,622,7,6,12,0
8663,Graduation,39996.0,1,1,11,0,1,2,0
2589,Graduation,26759.0,1,0,25,3,2,3,0
3421,Master,63841.0,0,1,635,15,9,9,0
10490,PhD,51039.0,1,1,100,64,6,4,0
4094,Graduation,60544.0,1,1,201,2,5,5,0
9958,Graduation,65685.0,0,1,642,14,9,9,0
2534,Graduation,37716.0,0,1,97,1,4,3,0
4188,Graduation,36864.0,0,1,204,5,5,4,1
6613,Master,44511.0,1,0,513,7,8,8,0
10827,PhD,36947.0,1,1,88,3,3,4,0
5491,Master,47352.0,0,1,172,12,6,5,0
8402,Master,67087.0,0,1,329,35,7,8,0
8783,Graduation,57045.0,0,1,296,13,4,9,0
10010,PhD,36957.0,1,1,100,2,3,2,1
618,PhD,69389.0,0,1,422,7,7,12,0
9121,Graduation,80134.0,1,0,1218,16,5,6,1
361,Master,43142.0,1,1,5,1,1,2,0
4310,Graduation,80589.0,0,0,507,93,5,5,1
2678,Graduation,34412.0,1,0,52,12,5,3,0
6376,Graduation,57537.0,1,0,191,56,4,8,0
524,Basic,22634.0,0,0,2,23,2,2,0
10341,Graduation,51315.0,0,0,68,28,2,5,0
5654,Graduation,36026.0,2,1,20,4,2,3,0
4098,Graduation,24639.0,1,1,20,3,2,4,0
5824,PhD,34578.0,2,1,7,0,1,2,0
7000,2n Cycle,65704.0,0,0,279,172,2,10,0
2561,Graduation,63810.0,0,1,977,12,4,12,0
5229,PhD,54132.0,0,1,30,1,1,3,0
4086,Graduation,18690.0,0,0,6,1,1,2,0
2428,Graduation,28164.0,1,0,3,18,2,4,0
8254,PhD,34596.0,1,0,14,0,1,2,0
2836,PhD,43269.0,1,0,10,1,1,2,0
8418,2n Cycle,38741.0,1,1,7,10,2,3,0
1362,Graduation,31907.0,0,0,33,87,6,6,0
7152,Master,27100.0,1,0,12,0,1,3,0
10033,2n Cycle,31163.0,1,0,2,3,1,3,0
9349,Graduation,92533.0,0,0,693,21,6,11,0
274,Graduation,34853.0,1,1,9,3,2,3,0
3388,Graduation,70844.0,1,1,129,26,6,5,0
922,2n Cycle,31086.0,1,1,16,2,1,2,0
8588,Graduation,60544.0,1,1,201,2,5,5,0
2518,2n Cycle,20491.0,0,0,5,4,0,2,0
574,Graduation,42523.0,0,0,14,36,1,4,0
3220,Graduation,39922.0,1,0,29,12,3,4,0
5967,Graduation,33402.0,1,1,26,2,2,3,0
1183,Master,36408.0,1,1,9,1,1,2,0
6856,Graduation,21645.0,1,0,14,0,3,3,1
4530,Master,78427.0,0,0,972,19,3,10,1
1553,Graduation,82657.0,0,0,966,168,7,10,0
4682,Graduation,51876.0,0,0,99,27,2,8,0
8204,2n Cycle,78041.0,0,0,482,35,4,9,0
5221,Graduation,52852.0,0,1,714,8,10,5,0
1232,PhD,70038.0,0,0,587,54,4,8,0
1927,2n Cycle,69401.0,0,1,399,27,4,5,0
5788,Graduation,46053.0,1,0,56,10,3,4,0
6652,Graduation,77343.0,0,0,227,151,3,9,0
6246,Graduation,73892.0,0,0,703,102,3,8,1
5975,PhD,40304.0,1,0,37,0,2,3,0
6875,PhD,32727.0,0,0,167,13,7,5,0
4399,Graduation,68695.0,0,0,458,81,4,7,0
4042,Graduation,43300.0,0,1,91,3,4,4,1
2157,Graduation,26290.0,1,1,15,8,2,4,0
10133,Graduation,93790.0,0,0,1302,68,6,12,1
2525,PhD,38410.0,0,0,153,64,5,9,1
8233,Master,64866.0,0,1,508,5,7,7,0
9483,Graduation,57957.0,0,1,290,59,4,8,0
2945,PhD,46015.0,1,1,38,0,1,3,0
10403,Graduation,16531.0,1,0,2,13,3,3,0
5074,Master,28072.0,1,0,30,0,1,3,0
10524,Master,49476.0,0,1,386,23,2,5,0
4690,Graduation,50725.0,0,1,443,10,8,8,0
7521,Graduation,83844.0,0,0,901,31,4,11,0
7196,PhD,41145.0,1,1,9,0,0,3,0
4406,Graduation,67419.0,0,1,846,84,9,8,0
9672,2n Cycle,23162.0,1,1,8,3,1,3,0
4864,Graduation,34380.0,1,0,72,7,4,3,0
4706,Graduation,34704.0,0,1,29,0,1,3,0
4070,PhD,94871.0,0,2,169,24,8,4,1
25,Graduation,65148.0,0,1,460,35,6,7,0
3697,Graduation,39898.0,0,1,69,8,3,4,0
217,Master,64857.0,0,0,556,14,7,10,0
4220,PhD,59892.0,0,1,73,0,2,3,0
5286,Master,41020.0,0,0,112,1,3,4,0
9559,PhD,57072.0,0,1,944,0,7,13,0
2849,Graduation,60474.0,0,1,265,199,10,12,0
7787,Graduation,62807.0,0,1,526,28,5,12,0
3102,2n Cycle,19414.0,1,0,2,3,1,3,0
5868,Graduation,19107.0,1,0,2,4,1,3,0
8370,2n Cycle,75484.0,0,1,378,97,7,6,0
9988,Master,70379.0,0,1,553,25,6,13,0
2939,Master,79419.0,0,0,751,127,4,4,0
5529,PhD,64014.0,2,1,406,0,8,5,0
9743,Graduation,76998.0,0,1,1449,89,11,8,0
5763,Master,49854.0,1,0,123,17,6,5,0
3478,PhD,60585.0,1,1,267,42,7,9,1
7494,PhD,42873.0,1,1,209,0,6,4,0
1763,Graduation,87679.0,0,0,1259,172,7,10,1
7250,Graduation,57867.0,1,0,344,35,7,9,0
2005,Graduation,35765.0,1,0,22,3,2,4,0
10770,Graduation,65492.0,0,0,247,161,4,13,0
6885,Graduation,32952.0,1,0,38,0,2,3,0
2072,PhD,53374.0,0,1,896,10,4,9,1
9463,Graduation,71706.0,0,1,931,56,9,7,0
6318,Graduation,68487.0,0,0,758,12,9,13,0
4093,Master,53253.0,1,1,216,9,4,5,0
5751,2n Cycle,31163.0,1,0,2,3,1,3,0
3340,Graduation,42014.0,1,0,244,15,7,6,1
3594,Master,54108.0,1,1,539,6,8,9,0
3584,PhD,49667.0,0,0,1181,26,5,5,1
3643,Master,63206.0,0,0,750,8,4,6,0
851,Master,57136.0,1,1,306,5,5,10,0
7706,2n Cycle,46772.0,0,1,350,104,11,5,0
3967,PhD,78931.0,0,0,331,197,2,13,0
10128,Graduation,53977.0,0,1,620,16,5,12,0
486,Graduation,84219.0,0,0,434,137,3,10,0
9,Master,46098.0,1,1,57,0,3,2,0
9451,Graduation,73538.0,0,1,811,76,10,9,0
9264,Graduation,79529.0,0,0,423,42,4,9,0
3865,2n Cycle,20981.0,0,0,2,12,3,2,1
2853,Graduation,51766.0,1,0,60,51,4,4,0
1490,Graduation,55759.0,0,1,675,0,10,8,0
6310,Graduation,33039.0,1,0,30,8,2,4,0
10380,Master,37787.0,1,0,40,1,3,3,0
3887,Graduation,27242.0,1,0,3,17,2,3,1
4278,PhD,87188.0,0,0,910,111,10,6,1
8643,Graduation,69930.0,0,0,252,98,4,12,0
1998,Graduation,37697.0,1,0,34,6,2,3,0
10795,PhD,37401.0,1,0,19,3,2,3,0
11110,Graduation,3502.0,1,0,2,1,0,0,0
2408,Graduation,58597.0,1,1,490,0,7,9,0
202,PhD,82032.0,0,0,332,194,4,7,0
7998,Graduation,28087.0,1,1,53,8,2,2,0
830,PhD,74004.0,0,0,784,48,4,4,1
3536,Graduation,19740.0,0,1,7,11,1,3,0
6050,2n Cycle,57036.0,0,1,1171,43,6,13,0
125,2n Cycle,53083.0,1,1,215,7,5,5,0
3463,PhD,69283.0,0,1,674,62,7,13,0
2804,Master,46098.0,1,1,57,0,3,2,1
3745,2n Cycle,23331.0,1,0,5,36,3,3,0
9771,2n Cycle,23331.0,1,0,104,20,5,5,0
451,Graduation,9255.0,1,0,9,0,1,2,0
10530,PhD,67786.0,0,0,431,82,3,6,1
1079,PhD,71969.0,0,1,1000,0,3,9,0
8920,Master,59235.0,1,0,448,40,11,12,0
6678,Graduation,31928.0,1,0,33,4,3,4,0
3852,Master,74881.0,1,1,505,72,9,12,0
528,Graduation,65819.0,0,0,267,38,5,10,0
73,PhD,51411.0,1,2,14,0,0,3,0
5589,Graduation,51983.0,0,1,631,0,9,10,0
10212,Master,42386.0,1,0,65,4,3,3,0
6365,2n Cycle,30390.0,0,0,10,12,2,3,0
5636,Graduation,30983.0,0,0,51,4,4,3,1
591,Graduation,66033.0,0,1,293,35,8,7,0
2217,2n Cycle,37284.0,1,1,11,1,0,3,0
2544,Master,57530.0,0,1,50,1,1,4,0
7725,2n Cycle,76800.0,0,0,173,26,4,7,0
8091,Graduation,63943.0,0,1,423,184,6,6,0
7321,Graduation,76081.0,0,0,292,30,4,4,0
5462,Graduation,67445.0,0,1,757,80,9,12,0
7791,Master,37054.0,1,1,12,1,1,3,0
955,Master,47175.0,1,1,167,2,4,4,1
4037,Graduation,31859.0,1,0,3,1,1,2,0
6642,Graduation,27215.0,2,1,30,5,2,4,0
2793,PhD,70179.0,0,1,532,88,7,13,0
5424,Graduation,39922.0,1,0,29,12,3,4,0
879,Master,49681.0,0,2,411,0,7,7,0
9530,Graduation,24645.0,1,0,5,3,1,2,0
4828,Graduation,79865.0,0,1,71,99,5,5,0
10699,Graduation,44322.0,1,0,46,0,3,3,0
1497,Graduation,47958.0,0,1,268,11,6,5,0
7476,Master,63972.0,0,1,928,63,5,10,0
4390,Graduation,75315.0,0,1,459,15,5,12,0
10478,PhD,55517.0,1,1,483,0,11,6,1
1081,PhD,75283.0,1,2,733,9,6,5,0
4261,PhD,82800.0,0,0,1006,22,7,12,1
9916,Graduation,38998.0,1,1,34,1,2,3,0
5350,Master,90638.0,0,0,1156,120,3,10,1
8135,Master,27161.0,1,0,7,4,1,3,0
8685,Graduation,42014.0,1,0,244,15,7,6,1
4967,PhD,38201.0,0,1,233,0,5,5,0
2130,Graduation,45203.0,2,0,35,3,3,3,1
9298,PhD,81574.0,0,0,1252,0,4,8,0
8175,Graduation,34935.0,0,0,34,4,2,4,0
6257,Master,60482.0,0,1,255,43,7,7,0
3790,Graduation,34633.0,2,1,8,1,1,2,0
9952,Master,78093.0,0,0,368,32,4,5,0
3503,Graduation,82460.0,0,0,255,47,5,6,0
5223,Master,45903.0,0,1,33,8,2,3,0
4608,Graduation,81361.0,0,0,163,23,3,13,1
1626,PhD,35860.0,1,1,15,0,1,2,1
4764,Master,40442.0,1,1,45,12,3,4,1
2471,Graduation,61482.0,0,0,48,58,3,6,0
5892,Graduation,34968.0,1,0,158,6,3,5,0
2612,Graduation,75794.0,0,0,754,160,7,12,0
4971,PhD,31497.0,0,1,108,1,3,4,0
5185,Graduation,74268.0,0,0,199,66,4,5,0
10069,Basic,13724.0,1,0,2,7,2,2,0
2262,Master,45143.0,0,1,202,5,6,5,0
1131,PhD,52569.0,0,1,85,0,2,4,0
1041,PhD,48432.0,0,1,322,3,7,6,1
24,Master,17144.0,1,1,18,2,3,4,0
3409,Graduation,36108.0,1,0,141,8,7,4,0
7022,Graduation,76445.0,1,0,739,107,2,13,0
7943,PhD,36663.0,1,0,18,0,1,3,0
5272,Master,53843.0,0,1,378,0,8,3,0
5453,Master,90226.0,0,0,1083,108,4,12,0
2565,Master,70638.0,0,0,1016,12,4,10,0
800,Graduation,44512.0,1,1,23,1,1,3,0
11092,Graduation,27116.0,1,1,12,1,2,3,0
5062,PhD,54072.0,1,1,35,0,2,2,0
8969,Graduation,71855.0,0,1,548,31,5,11,0
4656,2n Cycle,51250.0,1,0,342,32,10,4,0
4480,Master,60432.0,0,1,365,3,7,5,0
9971,PhD,65526.0,0,1,397,19,4,8,0
6729,Graduation,68655.0,0,0,456,19,4,11,0
1773,2n Cycle,12393.0,0,0,5,6,2,3,0
9242,Graduation,64509.0,0,0,836,185,6,9,1
1764,Graduation,33955.0,1,0,100,2,5,5,0
6215,Graduation,31353.0,1,1,10,0,1,2,1
10099,Graduation,55434.0,1,0,238,115,5,13,0
5423,Graduation,28359.0,1,0,6,0,1,2,0
940,Graduation,57100.0,1,0,158,11,3,7,0
3011,Graduation,69139.0,0,1,86,12,4,5,0
3298,Master,52973.0,0,1,856,0,9,9,0
8286,PhD,51717.0,0,1,98,1,3,4,0
9668,Graduation,18793.0,1,0,4,16,2,4,0
5120,2n Cycle,66664.0,0,0,398,96,5,6,0
6097,Graduation,50664.0,1,1,313,8,8,6,0
7019,Graduation,54414.0,1,1,109,18,3,5,0
7408,PhD,54549.0,0,1,216,2,5,4,0
8041,PhD,47111.0,0,1,595,71,3,10,0
252,PhD,41003.0,0,0,123,133,6,8,0
9986,Graduation,19444.0,1,0,16,0,4,2,1
3276,2n Cycle,36301.0,1,0,11,12,3,3,0
3859,PhD,73059.0,0,1,410,112,9,13,0
3570,PhD,42731.0,1,0,159,2,4,5,0
3783,PhD,52854.0,1,1,105,0,2,4,0
10207,Graduation,22775.0,1,0,5,1,1,2,0
10906,PhD,46681.0,0,2,269,15,4,4,0
3427,PhD,59821.0,0,1,629,0,11,7,0
5209,Graduation,50002.0,0,1,443,5,8,7,0
10711,Graduation,69755.0,0,0,217,77,3,12,0
10785,Graduation,44078.0,1,1,24,1,2,3,0
2814,Master,30560.0,1,0,9,1,1,3,0
6866,Master,35924.0,1,1,8,0,1,3,0
1665,PhD,64140.0,0,2,1459,0,2,6,1
6575,Graduation,56386.0,1,1,230,48,9,7,0
3829,Basic,24594.0,1,0,1,3,1,3,0
3091,2n Cycle,75774.0,1,0,340,21,7,8,0
10141,Master,39228.0,0,0,7,1,0,3,0
5177,Master,58494.0,0,1,298,7,6,6,0
7005,Graduation,58684.0,0,0,479,35,5,12,0
6409,Graduation,57136.0,0,0,267,140,7,7,1
7485,PhD,56551.0,1,1,67,4,2,4,0
8079,Graduation,22448.0,1,0,3,1,2,3,0
8395,Graduation,82014.0,0,0,980,37,3,12,1
10352,Graduation,34213.0,1,1,50,4,3,2,1
4931,Graduation,157146.0,0,0,1,0,0,0,0
13,PhD,25358.0,0,1,19,0,1,3,0
1834,Master,35544.0,1,0,30,5,2,3,0
2285,Master,36634.0,0,1,213,9,5,5,0
2295,PhD,62670.0,0,1,539,30,5,13,0
1378,2n Cycle,50334.0,0,1,284,16,7,6,0
2781,Graduation,72066.0,0,0,1003,34,4,6,1
1165,PhD,50729.0,1,1,239,13,6,7,0
1404,Graduation,34916.0,2,0,51,23,5,3,0
6457,Graduation,64892.0,0,1,527,24,6,12,0
2639,Graduation,43602.0,1,1,19,5,3,2,0
8299,PhD,33996.0,0,0,40,2,1,3,0
6437,2n Cycle,41473.0,1,0,21,8,2,3,0
6912,PhD,63246.0,0,2,593,30,6,12,0
7327,PhD,36732.0,1,1,21,5,1,4,0
5299,PhD,69084.0,1,0,1181,107,7,13,0
4127,PhD,77766.0,0,1,1004,59,11,11,1
8143,PhD,37929.0,0,0,202,2,4,5,1
1964,Graduation,86610.0,0,0,446,107,5,6,0
3690,Master,80141.0,0,0,1184,102,7,10,1
3433,2n Cycle,72635.0,0,0,390,22,6,6,0
3389,Graduation,69016.0,0,1,726,53,8,13,0
4712,2n Cycle,20193.0,0,0,8,8,1,4,0
1170,Graduation,27573.0,1,0,50,15,5,4,0
6347,Basic,15862.0,1,0,1,1,1,3,0
4065,PhD,49544.0,1,0,308,0,5,8,0
8230,Graduation,33228.0,1,0,22,2,2,3,0
1215,Graduation,70440.0,0,0,690,117,5,7,0
5939,Graduation,38232.0,1,1,43,5,3,3,0
2156,PhD,22554.0,1,1,27,0,2,4,0
7788,PhD,23536.0,1,0,6,0,0,3,0
10323,Graduation,49413.0,0,1,205,7,4,5,0
7947,Graduation,42231.0,1,1,24,0,1,3,0
1891,Master,78789.0,0,0,667,50,4,5,1
2570,Graduation,56534.0,0,1,691,7,10,7,1
9256,Graduation,58350.0,0,1,493,26,8,12,0
295,Graduation,81217.0,0,0,493,70,3,11,0
7397,Graduation,49090.0,0,1,494,5,7,9,0
6349,Master,61787.0,0,0,621,73,8,6,0
10790,PhD,18169.0,1,0,9,0,1,2,0
10398,2n Cycle,24336.0,1,0,1,6,1,2,0
2431,Graduation,18222.0,0,0,12,4,2,3,0
550,Graduation,62335.0,0,1,243,131,3,13,0
1890,2n Cycle,42033.0,1,1,11,1,1,2,0
10742,PhD,86580.0,0,0,532,21,4,5,0
10356,PhD,41437.0,1,1,29,0,1,3,0
4676,Master,73705.0,0,2,612,91,9,8,0
8852,Graduation,61064.0,0,1,387,126,8,11,0
3565,Master,38452.0,1,1,56,0,3,3,0
5294,Graduation,18358.0,1,0,6,8,3,4,0
1958,PhD,55012.0,0,1,582,0,8,9,0
7349,Basic,9722.0,1,0,6,17,3,3,1
8799,PhD,38175.0,1,0,70,6,3,4,0
1351,Master,58656.0,0,1,962,12,7,13,0
1045,Graduation,52117.0,0,1,112,10,5,4,0
7732,Graduation,64813.0,1,0,293,0,7,10,0
8070,PhD,54222.0,0,1,199,12,3,5,0
477,Graduation,83512.0,0,0,1060,61,4,10,1
7832,Master,77520.0,0,1,940,44,8,7,1
2202,Graduation,41154.0,0,1,44,2,1,4,0
7396,Graduation,80398.0,0,0,342,51,5,12,0
4055,Basic,18746.0,1,0,2,10,3,3,0
10340,Graduation,35196.0,1,0,75,12,6,5,0
10091,Graduation,60230.0,0,1,520,20,6,6,0
7629,Graduation,22108.0,1,1,5,3,2,3,0
10640,Graduation,44392.0,1,1,87,5,4,4,0
3498,PhD,55424.0,0,1,462,61,7,9,1
6742,Graduation,17688.0,1,0,2,2,1,2,0
1172,PhD,92491.0,0,0,979,44,7,12,1
569,Graduation,90273.0,0,0,704,129,5,7,1
4686,PhD,82571.0,0,0,861,31,6,13,0
1381,PhD,38513.0,1,0,172,3,6,5,1
2634,Master,16653.0,1,0,5,7,2,3,1
10905,Graduation,42586.0,1,1,194,2,4,6,1
1744,Basic,23529.0,0,1,9,7,1,2,0
1000,Master,74881.0,1,1,505,72,9,12,0
3828,Graduation,71107.0,0,1,533,10,7,13,0
8605,PhD,46910.0,1,1,48,0,2,3,0
10304,Graduation,18690.0,0,0,6,1,1,2,0
4351,Graduation,37244.0,1,1,18,2,1,2,0
10129,Graduation,82427.0,0,0,482,147,3,12,0
2499,2n Cycle,75342.0,0,1,204,97,5,10,0
10092,Graduation,70044.0,0,1,1073,0,7,5,0
7500,Graduation,79146.0,1,1,245,16,8,8,0
5796,Graduation,77437.0,0,0,560,21,4,13,0
10556,Graduation,54984.0,0,1,173,13,6,6,0
1064,PhD,42403.0,1,0,22,1,1,3,0
48,Graduation,55761.0,0,1,136,1,4,3,0
7610,Graduation,37292.0,1,0,275,0,6,5,0
263,PhD,45576.0,0,0,56,19,3,3,1
10814,Graduation,70321.0,0,0,303,23,6,13,1
9710,PhD,58086.0,0,1,708,7,11,7,0
9292,Graduation,81795.0,0,0,324,132,4,7,0
10250,Basic,28389.0,0,0,1,5,1,2,0
7881,Master,66835.0,0,0,620,26,6,13,0
5847,Graduation,69901.0,0,1,312,21,7,10,0
737,PhD,80360.0,0,0,1493,86,4,5,0
3571,PhD,63342.0,0,1,918,21,8,5,1
7807,Graduation,44989.0,0,1,98,0,5,5,0
3878,2n Cycle,31859.0,1,0,3,4,1,3,0
5092,PhD,51569.0,0,1,380,0,7,7,1
2154,Graduation,30372.0,1,1,15,0,2,3,0
5394,Basic,16014.0,1,1,3,9,1,4,0
3798,Graduation,41120.0,1,1,24,2,2,3,0
3524,Master,39763.0,1,0,80,1,5,2,1
5247,PhD,38725.0,1,1,31,0,1,4,0
5883,Graduation,77981.0,1,0,138,120,7,7,0
2118,2n Cycle,62905.0,0,1,166,75,7,8,0
8812,2n Cycle,13533.0,1,0,12,3,2,3,0
6616,Graduation,59481.0,0,1,178,3,3,8,0
2797,Graduation,72117.0,0,1,707,20,9,9,0
4328,2n Cycle,21955.0,1,0,5,1,2,3,0
9167,Graduation,67131.0,0,1,465,71,9,12,0
10560,PhD,36802.0,1,0,16,1,1,3,0
2631,Graduation,71853.0,0,0,358,108,2,6,0
8312,Basic,28249.0,0,0,1,9,2,3,0
5534,Master,47808.0,0,1,123,1,3,3,0
5093,PhD,25509.0,1,0,40,3,3,3,1
7592,PhD,51012.0,0,0,102,9,4,4,0
8895,Graduation,70596.0,0,0,347,44,3,12,0
8584,PhD,85431.0,0,0,376,53,2,7,0
2694,Graduation,42664.0,0,1,21,0,1,3,0
8910,Graduation,42586.0,1,1,194,2,4,6,1
7433,Graduation,29760.0,1,0,64,4,3,4,0
164,PhD,28973.0,0,0,206,0,5,5,0
10477,PhD,39435.0,1,0,71,0,3,2,0
2681,2n Cycle,65370.0,0,0,71,22,2,13,0
5150,Basic,20194.0,1,0,0,4,2,3,0
5283,PhD,42473.0,1,1,93,1,2,4,0
9645,Graduation,64590.0,0,0,920,138,9,10,0
10678,Graduation,71232.0,0,1,653,17,11,10,0
7261,Graduation,34600.0,1,1,199,33,5,5,1
9648,Graduation,46904.0,1,1,153,4,5,4,0
2870,Graduation,49094.0,0,1,376,0,6,6,0
8008,Graduation,36075.0,1,0,46,0,2,4,0
1513,2n Cycle,60839.0,1,1,600,21,2,12,0
6173,Graduation,77298.0,0,1,425,115,6,11,0
1419,Graduation,34026.0,1,1,18,6,2,3,0
9150,PhD,48918.0,1,1,52,0,1,4,0
7960,2n Cycle,82122.0,0,0,734,22,3,13,0
1250,Graduation,37697.0,1,0,34,6,2,3,0
9905,Graduation,34074.0,1,1,135,1,3,3,0
10691,Master,28520.0,1,1,11,0,1,2,0
7002,Graduation,62535.0,0,1,163,48,3,8,0
2952,Master,36273.0,1,0,29,3,3,3,0
8439,Graduation,63404.0,0,2,734,26,6,4,0
762,2n Cycle,75774.0,1,0,340,21,7,8,0
2831,Graduation,78416.0,0,1,453,38,7,10,0
6977,Graduation,75702.0,0,1,1073,0,10,13,0
6289,Master,59385.0,1,1,135,0,3,4,0
4168,Graduation,37070.0,1,1,231,7,5,8,1
8397,Graduation,44689.0,1,1,18,0,1,2,0
9284,Graduation,53977.0,0,1,620,16,5,12,0
6237,PhD,7144.0,0,2,81,4,23,1,0
3130,Graduation,18701.0,1,1,12,4,2,4,0
1619,Graduation,90369.0,0,0,292,51,4,6,1
1990,PhD,63159.0,0,0,965,34,3,8,0
5513,Graduation,37758.0,1,1,27,2,1,3,0
269,PhD,46757.0,0,1,777,30,4,7,0
8093,Master,79734.0,0,0,572,8,4,6,0
10513,Graduation,63207.0,0,0,438,169,2,6,0
10177,Graduation,72071.0,0,1,531,69,5,8,0
2549,PhD,21840.0,1,0,17,0,1,3,0
5782,2n Cycle,58582.0,0,1,402,35,9,9,0
10057,Graduation,72282.0,0,0,503,27,5,9,1
10307,Graduation,50387.0,0,2,369,9,6,8,0
8566,PhD,32583.0,1,1,5,0,1,2,0
2415,Graduation,62568.0,0,1,362,17,5,5,0
5684,Master,44635.0,1,1,56,0,2,3,0
8334,Master,33316.0,1,1,79,1,2,4,0
9166,Graduation,63967.0,0,1,387,84,4,12,0
1440,2n Cycle,52513.0,0,0,367,17,9,9,0
78,Graduation,25293.0,1,0,15,0,1,2,0
5441,PhD,54111.0,0,1,267,6,5,6,0
5302,Graduation,78394.0,0,0,298,27,4,5,1
4687,Master,80739.0,0,0,674,92,3,9,0
1087,Master,22669.0,1,0,16,14,4,2,1
6859,Graduation,29236.0,1,0,37,4,4,3,0
9860,Graduation,44911.0,0,1,159,0,4,4,0
7129,PhD,54693.0,0,1,686,17,6,13,0
5866,Graduation,48186.0,1,0,97,3,4,4,0
10521,Graduation,54809.0,1,1,63,6,2,5,1
7393,Graduation,41580.0,1,1,56,5,2,3,0
7849,PhD,80336.0,0,0,209,19,2,13,0
332,Graduation,47743.0,0,1,198,2,4,6,0
9847,2n Cycle,62972.0,0,1,313,15,7,3,0
531,PhD,57333.0,0,1,941,14,8,9,1
9576,PhD,32313.0,1,0,86,4,4,4,0
6906,Master,84953.0,0,0,167,48,3,4,1
7419,Master,27071.0,1,0,8,3,2,3,0
3170,Master,68148.0,0,0,389,66,4,6,0
8527,Master,65735.0,1,1,239,7,6,6,0
7872,PhD,86836.0,0,0,179,21,6,6,1
9931,PhD,4023.0,1,1,5,0,0,0,0
10595,Graduation,30093.0,0,0,2,6,2,3,0
4609,PhD,57705.0,0,1,383,0,8,6,0
5010,Graduation,25008.0,1,0,2,8,1,3,0
4427,2n Cycle,83257.0,0,0,536,27,5,12,1
11148,Graduation,22280.0,1,0,2,1,1,2,0
1168,PhD,72159.0,0,0,322,53,4,10,0
9595,Graduation,64260.0,0,0,539,169,4,4,1
10163,PhD,82733.0,0,0,712,50,8,7,1
2886,Master,74290.0,0,1,1121,0,10,10,0
6710,Master,58217.0,2,1,68,1,2,4,0
5316,Master,21024.0,0,0,36,4,2,4,0
9029,PhD,70116.0,0,0,707,44,2,12,0
521,Graduation,54006.0,1,0,174,77,8,7,0
1459,PhD,69063.0,0,1,666,35,5,5,0
10241,2n Cycle,11448.0,0,0,0,0,1,2,0
1630,Graduation,61825.0,0,1,162,50,4,8,0
3254,Graduation,70886.0,1,0,407,70,5,4,0
9064,Graduation,69109.0,0,0,823,25,6,7,1
3678,Graduation,60208.0,1,1,488,23,8,7,1
4227,Master,32889.0,1,1,28,0,2,3,0
9467,Graduation,34738.0,1,0,3,2,1,3,0
8486,Master,30538.0,1,0,284,0,9,4,0
2186,2n Cycle,82326.0,0,0,938,142,5,6,1
3286,PhD,26642.0,1,0,13,2,2,3,0
8602,Graduation,69932.0,0,1,412,172,7,11,0
3722,Graduation,44503.0,1,1,31,1,2,3,0
6715,PhD,60200.0,0,1,502,19,6,11,0
4796,Graduation,49638.0,0,1,18,10,1,3,0
9612,2n Cycle,23830.0,0,0,1,8,1,3,0
3766,Master,33051.0,0,0,100,71,9,8,1
1399,Graduation,72905.0,0,0,407,114,3,9,0
1570,PhD,69702.0,0,1,664,9,7,10,0
3426,Graduation,70300.0,1,0,1045,61,5,13,0
3074,PhD,70643.0,0,0,1218,107,5,4,1
8341,PhD,30396.0,1,0,15,0,1,2,1
5180,PhD,50616.0,0,1,128,0,4,4,0
6461,Master,62772.0,0,1,581,49,5,11,0
7679,PhD,30298.0,0,0,6,3,1,3,0
10702,Graduation,52413.0,1,0,185,8,7,7,0
7505,PhD,44155.0,1,1,22,1,1,2,0
5113,PhD,86979.0,0,0,584,100,5,5,1
10858,Graduation,76532.0,1,1,355,30,9,7,0
2961,Graduation,42081.0,1,0,175,10,6,4,0
2747,PhD,67546.0,0,0,864,134,4,5,0
3010,Master,88420.0,0,0,957,153,4,8,0
5790,Graduation,31158.0,1,0,25,6,2,3,0
6892,Graduation,61671.0,0,1,641,7,10,6,0
1743,Graduation,69719.0,0,0,273,86,2,5,0
3578,Graduation,49160.0,0,1,122,21,3,6,0
8462,Basic,24882.0,1,0,1,4,1,2,0
5558,PhD,90933.0,0,0,1020,31,4,4,0
4619,PhD,113734.0,0,0,6,2,27,0,0
8780,PhD,59292.0,0,1,378,14,3,8,0
10789,PhD,45759.0,1,1,42,1,2,3,0
10779,Graduation,22148.0,0,0,15,5,1,3,0
5896,Master,73395.0,0,0,272,7,4,6,0
2337,Graduation,29819.0,1,0,9,1,3,3,0
10951,Graduation,45688.0,0,1,279,0,3,8,0
544,Graduation,62820.0,0,0,398,61,3,6,0
17,PhD,60491.0,0,1,637,47,6,7,0
10680,Graduation,33235.0,1,0,45,0,3,3,0
3265,Graduation,35701.0,0,0,21,1,1,3,0
5623,Master,31535.0,1,0,15,4,1,2,0
5832,2n Cycle,92556.0,0,0,493,183,3,13,0
5544,Graduation,67384.0,0,1,957,40,7,5,0
6417,Master,80573.0,0,0,829,138,4,13,0
5831,Graduation,77870.0,0,1,1017,50,5,5,1
7101,PhD,52278.0,0,1,953,0,10,10,0
10176,Graduation,57107.0,0,1,159,0,4,8,1
2326,Graduation,18929.0,0,0,32,0,1,4,0
4385,PhD,36038.0,1,0,23,0,3,3,0
2929,Graduation,20180.0,0,0,18,42,2,4,0
10686,PhD,34230.0,1,1,15,0,1,2,0
2546,2n Cycle,31878.0,0,1,23,4,1,4,0
3283,2n Cycle,70932.0,0,1,200,193,6,12,0
3138,Graduation,91249.0,0,0,1324,27,7,6,1
4994,Master,77598.0,0,0,1193,33,7,13,0
7966,Graduation,80982.0,1,1,505,137,11,11,0
3112,Master,22701.0,1,0,2,4,1,3,0
10872,PhD,55212.0,0,1,1103,0,4,11,0
2181,Graduation,70617.0,0,0,353,61,3,7,0
1867,Graduation,64849.0,0,0,652,48,9,6,1
1518,Master,62694.0,1,1,379,6,9,7,0
5734,PhD,61917.0,1,1,46,4,2,4,0
2878,PhD,67472.0,0,1,162,31,4,7,0
1458,Master,21059.0,1,0,8,3,3,3,0
7007,Master,29543.0,2,0,17,3,3,2,0
6200,Graduation,75903.0,0,1,340,108,6,9,0
1403,2n Cycle,34984.0,1,1,8,4,1,3,0
4827,PhD,54998.0,0,1,154,22,4,9,1
6250,PhD,54356.0,0,1,710,15,11,8,1
9291,Master,34242.0,0,1,8,2,0,3,0
2478,Graduation,25410.0,1,0,2,2,1,4,0
1139,PhD,73356.0,0,0,1050,14,5,5,1
5138,Graduation,28320.0,0,1,19,1,1,3,0
5393,Graduation,23763.0,1,0,22,0,1,3,0
10413,Graduation,72570.0,0,0,274,83,4,12,0
5015,Master,34529.0,1,0,68,6,2,3,0
10868,Graduation,70792.0,0,0,344,45,3,10,0
10676,Graduation,63211.0,0,0,145,193,3,7,1
2495,Master,83891.0,0,1,217,38,4,10,0
7842,Graduation,36065.0,1,1,18,7,3,3,0
9955,Graduation,39898.0,0,1,69,8,3,4,0
6663,PhD,51141.0,0,0,144,0,3,4,0
2162,Graduation,56939.0,0,1,256,34,3,10,0
3434,Graduation,80872.0,0,0,483,72,4,10,0
7919,PhD,72335.0,0,0,1285,105,10,8,1
5626,PhD,61798.0,0,0,338,4,4,9,0
6428,PhD,76842.0,0,0,605,10,1,7,0
8514,Graduation,29478.0,1,0,8,0,1,3,0
10448,Graduation,46998.0,0,1,172,41,5,5,0
2109,Graduation,96843.0,0,0,448,71,6,10,1
7530,PhD,56551.0,1,1,67,4,2,4,0
8925,Master,70053.0,0,1,512,53,8,10,0
3009,PhD,71670.0,0,0,1462,16,5,6,1
6355,Graduation,44359.0,1,1,20,0,2,4,0
3517,Graduation,40887.0,1,1,50,4,3,3,1
1158,Graduation,48877.0,0,1,102,1,3,4,0
6203,Graduation,74485.0,0,0,499,149,6,12,0
7165,Graduation,64474.0,0,1,381,35,8,10,0
3595,Graduation,77226.0,0,1,631,43,6,12,0
8537,Graduation,72643.0,0,0,526,80,3,7,1
4331,Master,85738.0,0,0,913,26,3,11,0
6281,Graduation,55686.0,0,1,673,0,6,5,0
4338,Graduation,39062.0,1,0,23,0,1,3,0
2452,Graduation,34600.0,1,1,199,33,5,5,1
9507,Graduation,40794.0,0,1,261,23,6,5,0
8360,2n Cycle,54690.0,1,1,111,16,3,5,0
10311,Graduation,4428.0,0,1,16,4,25,0,0
5117,2n Cycle,32632.0,0,0,63,151,4,8,0
4867,PhD,38236.0,1,1,58,0,3,4,0
9289,Graduation,36781.0,1,0,29,1,2,2,1
10913,Master,31385.0,1,0,3,2,1,2,1
3032,Graduation,24570.0,1,0,28,34,4,4,0
8524,PhD,25509.0,1,0,40,3,3,3,1
3334,Graduation,94642.0,0,0,879,143,5,9,0
4470,Master,58646.0,0,1,62,1,2,4,0
1406,Graduation,53201.0,1,1,280,7,6,5,0
8619,Graduation,21994.0,0,1,9,0,0,3,0
10821,Graduation,57113.0,1,1,182,4,4,5,0
4552,Graduation,51373.0,0,0,83,2,3,3,0
898,Graduation,23477.0,1,0,38,15,3,4,0
9797,Graduation,58116.0,0,1,228,19,3,8,0
10949,PhD,72968.0,0,0,1092,37,5,8,1
8212,Master,39791.0,0,1,85,15,3,4,0
6248,Master,91712.0,0,0,1276,24,9,11,1
10164,Graduation,94472.0,0,1,1017,33,5,5,0
4547,Graduation,13672.0,1,1,6,2,1,3,0
6815,2n Cycle,96547.0,0,0,448,21,7,8,1
4122,Graduation,79205.0,0,0,504,23,6,4,1
10841,PhD,56559.0,0,1,226,22,4,8,0
5370,PhD,32644.0,1,0,239,3,7,6,0
176,2n Cycle,67506.0,0,1,90,38,4,6,0
4860,Graduation,24206.0,1,0,7,2,1,3,0
10757,PhD,28420.0,1,0,4,2,1,2,0
4023,Graduation,22979.0,1,0,16,17,3,2,1
6679,Graduation,33279.0,0,0,10,3,0,3,0
9923,Master,46423.0,1,1,68,0,2,4,0
7181,Graduation,30368.0,0,1,35,0,2,3,0
3599,Graduation,63684.0,0,1,575,80,8,8,0
405,Graduation,41638.0,0,1,315,0,5,3,0
6870,PhD,68805.0,0,1,182,2,3,7,0
832,PhD,65814.0,0,1,561,14,8,10,0
2002,Graduation,71964.0,0,0,587,51,5,5,0
3657,Graduation,39146.0,1,0,94,1,4,4,0
500,Graduation,96876.0,0,0,908,43,7,9,1
1951,Basic,34445.0,0,0,228,122,11,8,0
3262,Graduation,68281.0,0,0,995,112,2,13,1
4102,2n Cycle,37284.0,1,1,11,1,0,3,0
7042,Graduation,36790.0,0,0,3,3,2,2,1
10598,Graduation,27943.0,1,1,12,1,2,3,0
255,Graduation,22263.0,1,1,17,0,1,3,0
2375,Graduation,30261.0,1,2,8,0,0,3,0
9829,Graduation,28587.0,1,0,22,4,2,4,0
6214,Master,43815.0,1,0,14,10,2,3,0
4954,Graduation,48195.0,1,1,106,27,4,5,0
7861,Master,77027.0,0,1,820,57,8,6,0
4837,PhD,71322.0,0,1,753,43,8,13,0
9423,Master,32765.0,1,0,13,3,2,4,0
4198,Graduation,29672.0,1,1,9,1,0,3,0
153,Graduation,23272.0,0,0,19,3,1,3,0
9323,Master,49912.0,0,1,520,8,10,7,1
10001,2n Cycle,7500.0,1,0,5,17,2,3,0
3945,PhD,68117.0,0,1,618,44,11,4,1
3799,Graduation,67225.0,0,1,315,35,7,11,0
8625,Graduation,17649.0,1,0,15,1,3,3,0
3491,Graduation,55914.0,0,1,384,60,11,8,0
983,Graduation,40059.0,1,0,110,29,6,3,0
9119,Graduation,60905.0,0,1,208,17,3,7,0
4786,Graduation,75330.0,1,1,555,82,10,12,0
5872,Graduation,60689.0,0,1,240,90,4,10,0
6568,Graduation,38680.0,1,0,11,0,2,3,0
5628,Graduation,61416.0,0,0,848,154,10,10,0
5631,Graduation,49767.0,0,0,202,47,5,8,0
4974,Graduation,83273.0,1,2,433,89,4,9,0
8416,Graduation,29009.0,1,0,6,6,2,3,0
5454,Master,45057.0,1,0,37,0,2,3,0
4095,Graduation,37150.0,1,0,167,37,4,6,0
5474,Graduation,43020.0,1,0,45,7,4,4,0
4268,Graduation,53154.0,0,1,129,0,3,4,0
10701,Graduation,65308.0,0,0,713,0,7,12,0
3507,Graduation,76467.0,1,0,676,161,2,5,1
2079,2n Cycle,81044.0,0,0,450,26,5,10,0
626,Graduation,32871.0,1,1,22,2,1,3,0
4426,Graduation,55801.0,1,1,367,4,7,6,0
2591,Graduation,76320.0,0,1,526,35,6,4,0
10509,Master,36927.0,1,1,51,0,3,3,0
6382,Graduation,48794.0,1,1,25,0,1,3,0
6673,Graduation,23478.0,0,0,28,6,3,3,0
7441,Graduation,71128.0,1,0,958,159,2,12,0
1071,PhD,70179.0,0,1,532,88,7,13,0
10061,Graduation,59462.0,0,1,724,17,9,12,0
7187,Master,,1,1,375,42,4,4,0
8775,Graduation,38361.0,1,0,39,0,3,3,0
1612,PhD,,1,0,23,0,3,3,0
2345,PhD,70038.0,0,0,587,54,4,8,0
322,Graduation,42554.0,1,1,29,1,2,3,0
10897,Graduation,67445.0,0,1,757,80,9,12,0
123,Graduation,67046.0,0,1,544,35,4,4,0
6103,Graduation,42192.0,0,0,40,15,2,3,0
7899,PhD,77610.0,0,1,1245,33,4,4,0
10500,Graduation,31761.0,1,0,19,1,3,4,0
1655,Graduation,34350.0,1,0,16,3,1,3,0
2406,Graduation,54591.0,0,1,376,4,6,8,0
2712,Graduation,71866.0,0,1,184,178,6,10,0
5517,Graduation,25293.0,1,0,15,0,1,2,0
10643,PhD,42000.0,0,0,124,83,5,11,1
2254,Graduation,69520.0,0,0,627,120,9,5,0
10281,Graduation,64713.0,1,0,180,60,5,7,1
6958,Master,27889.0,1,0,14,0,1,2,0
954,Basic,22123.0,0,0,3,3,2,3,0
5079,Graduation,,1,1,71,1,2,3,0
10339,Master,,0,1,161,0,4,4,0
4643,Graduation,27803.0,1,0,8,26,3,4,0
3117,Graduation,,0,1,264,0,6,5,0
6497,Graduation,51651.0,0,1,293,6,6,5,0
5396,Graduation,68487.0,0,0,758,12,9,13,0
5250,Master,,0,0,532,126,5,11,1
1052,Graduation,56796.0,0,1,656,38,8,7,0
2802,2n Cycle,87000.0,0,0,196,25,4,7,0
6343,Graduation,79823.0,0,1,835,73,6,7,0
6507,Graduation,30828.0,1,0,16,11,1,4,0
7901,Master,34109.0,0,1,9,1,0,3,0
4865,Master,53367.0,1,1,229,7,5,8,1
2686,Basic,22390.0,0,0,0,1,1,2,0
3107,Graduation,71322.0,0,1,121,24,4,7,0
7734,Graduation,79244.0,0,0,471,102,4,7,1
1146,Master,49912.0,0,1,520,8,10,7,1
11031,PhD,48699.0,1,1,26,1,1,3,0
7428,Graduation,80144.0,0,0,240,132,3,8,0
975,Graduation,54252.0,1,1,178,4,4,5,0
1103,Master,81929.0,1,0,1486,55,4,10,1
3422,Graduation,76068.0,0,1,1115,12,2,4,0
1055,Master,53204.0,1,1,29,0,1,3,0
6544,PhD,67911.0,0,1,529,0,6,11,0
1241,2n Cycle,14796.0,1,0,13,3,1,3,1
2909,PhD,78128.0,0,1,934,24,8,6,0
5802,Basic,14188.0,0,0,2,7,2,4,0
1407,Basic,20425.0,1,0,4,12,2,3,0
6183,Master,58646.0,0,1,62,1,2,4,0
340,Graduation,72967.0,0,1,158,35,7,8,1
5991,Master,48150.0,0,1,173,2,5,4,0
3104,Graduation,82332.0,0,0,830,59,5,12,1
9729,Graduation,58275.0,1,1,189,10,8,7,0
1008,PhD,44953.0,0,0,728,17,7,13,0
11091,Graduation,34587.0,1,1,7,2,1,3,0
3969,Master,43018.0,0,1,35,4,2,2,0
1916,Master,45736.0,0,1,188,3,7,6,0
9907,Master,66476.0,0,1,742,28,6,10,0
87,2n Cycle,27733.0,1,0,0,7,2,3,0
8659,PhD,69805.0,0,1,750,71,6,11,0
6262,Master,72217.0,0,0,816,42,3,8,0
6147,Graduation,25818.0,1,0,5,2,0,2,0
8832,Master,37509.0,1,0,37,5,3,4,0
10067,2n Cycle,25176.0,1,1,4,0,1,2,0
7532,Graduation,43586.0,0,1,99,2,3,4,0
4915,2n Cycle,53230.0,0,1,176,72,5,12,0
2115,Graduation,50116.0,1,1,54,0,1,4,0
2088,Graduation,84906.0,0,0,997,15,5,12,0
2493,Graduation,61286.0,0,1,356,0,7,8,0
6292,PhD,82333.0,0,0,1311,0,4,10,1
1631,PhD,65220.0,0,0,890,63,8,7,1
10104,Graduation,33590.0,2,1,4,0,1,2,0
3006,Graduation,30992.0,1,0,17,0,1,3,0
3919,Master,72309.0,0,0,960,0,5,8,1
11181,PhD,156924.0,0,0,2,1,0,0,0
642,Basic,16005.0,1,0,1,3,2,2,0
4369,Master,65487.0,0,0,240,67,3,6,0
10127,Graduation,58692.0,0,1,301,11,8,4,0
271,Graduation,40590.0,1,1,154,0,3,3,0
4973,Graduation,20587.0,1,0,2,3,1,2,0
2948,Master,62637.0,0,1,104,12,2,5,0
2715,Master,29435.0,1,1,70,3,3,2,1
10432,Graduation,19346.0,1,0,2,0,1,3,0
9216,Graduation,35788.0,1,1,23,2,2,3,0
7124,Graduation,36997.0,1,1,43,4,2,4,0
9727,Graduation,23539.0,0,0,4,24,2,4,0
5136,Graduation,65333.0,0,1,654,7,9,8,0
9790,Graduation,78499.0,0,0,912,72,11,4,1
1818,PhD,29732.0,1,0,25,0,2,2,0
1100,Master,41275.0,1,2,24,4,3,3,0
7873,PhD,63516.0,1,1,141,11,4,7,0
10609,PhD,42769.0,0,1,71,0,1,4,0
6950,Master,49572.0,1,1,35,1,2,3,0
7233,Graduation,69209.0,0,0,496,32,5,6,0
9481,Graduation,17148.0,1,0,9,9,3,3,0
7699,Graduation,40590.0,1,1,154,0,3,3,0
2711,Master,30560.0,1,0,9,1,1,3,0
8933,2n Cycle,32146.0,1,0,26,3,2,4,0
8726,2n Cycle,41713.0,1,1,77,8,3,4,0
1515,Master,34176.0,0,1,11,2,1,3,0
5186,PhD,58482.0,0,1,576,7,7,9,0
10157,Graduation,59686.0,0,1,89,15,4,6,0
5667,PhD,60896.0,0,1,1013,30,9,4,1
902,Graduation,62994.0,1,0,224,12,6,4,0
977,Graduation,47320.0,0,1,200,19,5,8,0
7313,2n Cycle,74859.0,0,0,570,73,6,11,0
7600,Basic,15253.0,1,0,1,3,1,3,0
9706,PhD,31560.0,1,0,62,1,2,3,0
2429,Graduation,72071.0,0,1,531,69,5,8,0
3520,Master,91172.0,0,0,162,28,4,7,1
10394,Graduation,90000.0,0,0,675,144,4,5,0
4548,Graduation,41967.0,1,1,23,4,1,3,0
9362,Graduation,69263.0,0,1,492,5,9,7,0
3968,2n Cycle,65706.0,0,0,918,10,11,12,1
4084,Graduation,60934.0,0,1,224,155,6,11,0
6721,Graduation,71965.0,0,1,572,19,6,5,0
2829,Graduation,65210.0,0,1,626,0,9,8,0
1772,PhD,79174.0,0,0,1074,37,5,7,1
1544,Master,81380.0,0,0,741,68,4,10,0
492,PhD,48432.0,0,1,322,3,7,6,0
4377,Graduation,52914.0,0,1,254,10,7,3,0
4541,Graduation,38946.0,0,1,116,6,3,6,0
1321,Graduation,26067.0,1,0,22,2,3,3,0
8858,PhD,44325.0,0,1,516,0,8,7,0
3266,Graduation,42523.0,0,0,14,36,1,4,0
11187,Basic,26487.0,1,0,2,8,2,3,0
8207,2n Cycle,53233.0,0,1,28,0,1,3,0
9723,Graduation,67716.0,0,1,530,142,7,13,0
2666,Master,76234.0,0,1,519,50,8,11,0
5721,PhD,84117.0,0,0,611,76,7,6,0
10652,Master,65487.0,0,0,240,67,3,6,0
1646,Basic,25224.0,1,0,4,9,1,3,0
4418,Master,89616.0,0,0,671,47,7,12,1
2656,Graduation,40851.0,1,1,23,1,1,2,0
7990,Graduation,27469.0,0,0,9,1,0,3,0
8722,2n Cycle,82347.0,0,0,556,54,7,10,1
7118,Graduation,73803.0,0,1,833,80,9,6,1
2980,Master,8820.0,1,1,12,0,3,3,0
1839,Graduation,43322.0,0,0,56,7,3,4,0
10722,Graduation,55593.0,0,1,293,8,6,3,0
2632,Graduation,50501.0,1,1,297,0,5,4,1
9014,Graduation,37085.0,1,1,39,1,3,3,0
7620,Basic,16185.0,1,0,5,11,2,2,0
10968,Graduation,57731.0,0,1,266,21,8,6,0
11133,PhD,48432.0,0,1,322,3,7,6,1
2736,Graduation,73807.0,0,1,366,124,5,11,0
1876,Graduation,18929.0,0,0,32,0,1,4,0
5959,Graduation,35893.0,1,1,158,0,3,5,0
1092,Graduation,61014.0,0,1,269,129,9,4,0
4333,Graduation,32144.0,1,1,41,0,2,3,0
3850,Basic,14918.0,0,1,3,3,1,3,0
6168,Graduation,45146.0,1,1,33,0,1,2,0
607,2n Cycle,41769.0,0,1,302,29,8,7,0
10469,Graduation,88325.0,0,0,519,71,6,9,0
6983,Master,38054.0,1,1,23,2,2,3,0
3661,2n Cycle,80617.0,0,0,594,51,4,8,0
9303,Graduation,5305.0,0,1,12,4,1,0,0
692,Graduation,36807.0,1,1,4,2,1,2,0
736,Graduation,28427.0,1,0,18,3,2,3,0
9589,PhD,82032.0,0,0,332,194,4,7,0
4838,Graduation,22775.0,1,0,5,1,1,2,0
9246,Master,40101.0,1,0,171,3,6,6,0
6261,Graduation,58025.0,0,1,270,31,3,10,0
7366,Master,75777.0,0,0,712,26,3,11,1
10659,2n Cycle,7500.0,1,0,2,8,3,2,0
1448,Master,33562.0,1,2,21,12,2,4,0
4286,PhD,57642.0,0,1,580,6,7,6,0
4749,Graduation,58554.0,1,1,368,24,8,6,0
4478,Graduation,63777.0,1,1,457,5,11,6,0
4201,Graduation,57967.0,0,1,229,7,4,8,0
8720,2n Cycle,,0,0,32,2,0,1,0
10084,Graduation,24434.0,2,0,3,2,2,2,0
7004,Graduation,11012.0,1,0,24,3,3,2,0
9817,Master,44802.0,0,0,853,10,9,12,0
8080,Graduation,26816.0,0,0,5,1,0,3,0
9432,Graduation,666666.0,1,0,9,14,3,3,0
8372,Graduation,34421.0,1,0,3,3,1,2,0
10870,Graduation,61223.0,0,1,709,43,9,4,0
4001,PhD,64014.0,2,1,406,0,8,5,0
7270,Graduation,56981.0,0,0,908,48,2,13,0
8235,Master,69245.0,0,1,428,30,6,10,0
9405,PhD,52869.0,1,1,84,3,3,4,1
